Key,Game_Date,Team,Opponent,Game_Result,At_Bats,Runs_Scored,Hits,Doubles,Triples,Home_Runs,Runs_Batted_In,Walks,Strikeouts,Hit_By_Pitch,Sacrifice_Hits,Sacrifice_Flies,Reached_On_Error,Grounded_into_Double_Play,Stolen_Bases,Caught_Stealing,Runners_Left_On_Base,Number_of_Players_Used_in_Game,Attendance_in_Tickets_Sold,Game_Length_in_Minutes
1,2016-04-05,Boston Red Sox,Cleveland Indians,1,37,6,11,1,0,2,5,6,8,0,0,0,1,1,0,1,10,9,34493,193
2,2016-04-06,Boston Red Sox,Cleveland Indians,0,36,6,10,2,0,3,6,3,7,0,0,1,0,0,1,0,7,11,10298,209
3,2016-04-08,Boston Red Sox,Toronto Blue Jays,1,38,8,11,4,0,1,8,3,8,0,0,0,1,0,0,0,6,10,48871,204
4,2016-04-09,Boston Red Sox,Toronto Blue Jays,1,38,8,11,5,1,0,7,4,13,0,0,1,0,0,1,0,8,9,47138,168
5,2016-04-10,Boston Red Sox,Toronto Blue Jays,0,32,0,7,2,0,0,0,2,11,0,0,0,0,1,0,0,7,10,46158,147
6,2016-04-11,Boston Red Sox,Baltimore Orioles,0,36,7,11,2,0,1,7,4,8,0,0,1,1,2,2,0,7,10,37160,206
7,2016-04-12,Boston Red Sox,Baltimore Orioles,0,35,5,10,4,0,1,4,1,4,2,0,0,0,1,0,0,6,10,31114,203
8,2016-04-13,Boston Red Sox,Baltimore Orioles,1,30,4,8,1,1,0,4,4,7,0,0,0,0,1,3,0,6,9,31011,193
9,2016-04-15,Boston Red Sox,Toronto Blue Jays,1,32,5,9,3,0,0,5,6,7,0,0,0,1,2,1,0,9,9,31415,182
10,2016-04-16,Boston Red Sox,Toronto Blue Jays,1,31,4,9,1,0,1,4,2,3,0,0,0,0,2,0,0,5,9,36267,163
11,2016-04-17,Boston Red Sox,Toronto Blue Jays,0,31,3,4,0,0,1,3,4,10,0,0,0,0,0,1,0,5,9,37217,189
12,2016-04-18,Boston Red Sox,Toronto Blue Jays,0,32,3,7,4,0,0,3,1,6,0,0,0,0,2,0,0,3,10,37168,192
13,2016-04-19,Boston Red Sox,Tampa Bay Rays,0,30,0,1,0,0,0,0,2,14,0,0,0,0,1,0,0,2,9,32061,205
14,2016-04-20,Boston Red Sox,Tampa Bay Rays,1,34,7,12,3,0,1,7,3,9,1,0,0,0,1,2,0,7,10,31689,182
15,2016-04-21,Boston Red Sox,Tampa Bay Rays,0,42,8,15,7,0,2,7,5,8,0,0,0,0,0,2,0,12,11,37954,256
16,2016-04-22,Boston Red Sox,Houston Astros,1,37,6,15,3,2,0,5,1,6,1,0,1,0,2,0,0,7,10,26672,208
17,2016-04-23,Boston Red Sox,Houston Astros,0,35,3,9,2,0,0,3,2,9,0,0,1,0,0,0,0,8,10,40232,208
18,2016-04-24,Boston Red Sox,Houston Astros,1,49,7,16,3,1,0,6,5,7,0,1,1,1,1,2,0,13,9,32416,303
19,2016-04-25,Boston Red Sox,Atlanta Braves,1,33,1,6,2,0,1,1,3,11,0,0,0,1,0,1,1,8,13,22735,175
20,2016-04-26,Boston Red Sox,Atlanta Braves,1,39,11,13,7,1,1,10,3,5,1,0,0,0,0,3,0,5,12,23487,172
21,2016-04-27,Boston Red Sox,Atlanta Braves,1,34,9,11,3,1,2,9,6,6,0,0,0,0,1,1,0,7,11,33380,182
22,2016-04-28,Boston Red Sox,Atlanta Braves,0,36,3,10,4,0,0,3,3,9,0,0,0,1,1,0,0,9,11,32232,202
23,2016-04-29,Boston Red Sox,New York Yankees,1,33,4,8,1,0,1,4,0,6,0,0,0,1,0,0,0,5,9,37115,170
24,2016-04-30,Boston Red Sox,New York Yankees,1,38,8,14,2,2,1,8,6,9,0,0,0,0,0,1,0,12,12,37901,210
25,2016-05-01,Boston Red Sox,New York Yankees,1,37,8,14,1,0,2,8,3,4,0,0,0,0,0,1,0,8,9,34279,197
26,2016-05-03,Boston Red Sox,Chicago White Sox,0,30,1,4,0,0,1,1,0,6,0,0,0,0,1,0,0,2,9,15025,173
27,2016-05-04,Boston Red Sox,Chicago White Sox,1,35,5,11,1,0,1,5,3,7,1,0,0,0,3,0,0,7,9,14383,166
28,2016-05-05,Boston Red Sox,Chicago White Sox,1,35,7,12,2,1,3,7,7,7,0,0,2,0,2,0,0,10,9,20126,237
29,2016-05-06,Boston Red Sox,New York Yankees,0,39,2,13,2,0,1,2,2,10,0,0,0,0,1,2,0,12,11,45756,190
30,2016-05-07,Boston Red Sox,New York Yankees,0,31,2,6,0,0,1,2,0,8,1,0,0,0,2,0,0,3,9,47822,189
31,2016-05-08,Boston Red Sox,New York Yankees,1,32,5,7,1,0,4,5,1,10,1,0,0,0,1,1,0,2,9,41869,147
32,2016-05-09,Boston Red Sox,Oakland Athletics,1,39,14,15,6,0,2,13,5,9,0,0,0,0,0,0,0,6,11,35227,226
33,2016-05-10,Boston Red Sox,Oakland Athletics,1,39,13,16,2,0,3,12,4,4,1,0,0,1,1,0,0,7,10,32167,187
34,2016-05-11,Boston Red Sox,Oakland Athletics,1,41,13,17,5,0,3,13,4,7,1,0,0,0,0,2,0,9,11,33283,197
35,2016-05-12,Boston Red Sox,Houston Astros,1,37,11,14,4,0,2,11,3,7,0,0,1,1,1,0,0,6,11,34982,176
36,2016-05-13,Boston Red Sox,Houston Astros,0,36,6,11,3,0,1,5,4,10,0,0,0,0,1,0,0,7,9,33148,229
37,2016-05-14,Boston Red Sox,Houston Astros,1,43,6,14,5,1,1,6,5,5,0,1,0,0,2,0,0,11,11,37430,253
38,2016-05-15,Boston Red Sox,Houston Astros,1,39,10,14,3,1,1,9,3,4,0,0,0,1,0,3,0,8,10,35736,220
39,2016-05-17,Boston Red Sox,Kansas City Royals,0,33,4,8,1,0,1,4,2,7,1,0,0,0,1,0,1,5,10,25215,174
40,2016-05-18,Boston Red Sox,Kansas City Royals,0,35,2,9,1,0,1,2,1,13,0,0,0,0,0,0,0,7,12,33613,143
41,2016-05-18,Boston Red Sox,Kansas City Royals,1,35,5,10,2,0,2,5,6,8,1,0,0,0,2,1,0,10,9,23739,186
42,2016-05-20,Boston Red Sox,Cleveland Indians,0,31,2,6,2,0,1,2,3,9,0,1,0,1,2,0,0,6,10,37354,187
43,2016-05-21,Boston Red Sox,Cleveland Indians,1,37,9,13,4,0,2,9,6,1,1,0,0,0,0,0,0,11,13,37254,197
44,2016-05-22,Boston Red Sox,Cleveland Indians,1,36,5,12,3,0,1,5,5,11,0,0,0,0,0,0,0,12,9,36021,203
45,2016-05-24,Boston Red Sox,Colorado Rockies,1,35,8,12,3,1,0,7,5,3,1,0,1,0,0,0,0,10,10,36123,175
46,2016-05-25,Boston Red Sox,Colorado Rockies,1,37,10,13,4,2,1,10,4,6,0,0,0,0,0,0,0,7,12,36430,189
47,2016-05-26,Boston Red Sox,Colorado Rockies,0,32,2,6,2,0,1,2,4,7,0,0,0,0,0,0,0,7,10,36162,171
48,2016-05-27,Boston Red Sox,Toronto Blue Jays,0,33,5,7,1,0,0,5,2,6,0,0,0,1,1,0,0,3,9,46470,173
49,2016-05-28,Boston Red Sox,Toronto Blue Jays,0,41,9,15,6,0,3,9,1,10,0,0,0,1,0,3,0,6,9,48154,217
50,2016-05-29,Boston Red Sox,Toronto Blue Jays,1,40,5,9,1,1,0,5,8,5,1,0,0,0,1,1,0,11,11,47916,247
51,2016-05-30,Boston Red Sox,Baltimore Orioles,1,37,7,11,2,1,3,7,5,6,0,0,0,0,0,0,1,8,9,43926,174
52,2016-05-31,Boston Red Sox,Baltimore Orioles,1,37,6,10,1,0,4,6,2,10,0,0,0,1,0,0,0,6,9,17664,168
53,2016-06-01,Boston Red Sox,Baltimore Orioles,0,40,9,15,2,0,5,9,5,6,0,0,0,0,1,0,0,9,10,20750,238
54,2016-06-02,Boston Red Sox,Baltimore Orioles,0,38,7,12,1,0,1,7,2,6,0,0,0,0,0,0,1,6,9,21534,177
55,2016-06-03,Boston Red Sox,Toronto Blue Jays,0,32,2,5,3,0,0,1,6,7,1,0,0,0,0,0,0,10,10,37129,190
56,2016-06-04,Boston Red Sox,Toronto Blue Jays,1,32,6,11,5,0,0,6,5,5,0,0,0,0,2,3,0,7,11,37762,188
57,2016-06-05,Boston Red Sox,Toronto Blue Jays,0,33,4,6,3,0,1,4,3,7,0,0,0,0,0,0,0,5,11,35823,164
58,2016-06-07,Boston Red Sox,San Francisco Giants,1,38,5,9,4,0,0,5,4,5,0,0,0,0,1,3,0,7,17,41512,184
59,2016-06-08,Boston Red Sox,San Francisco Giants,0,33,1,5,0,0,1,1,2,10,0,0,0,1,0,2,0,7,13,41635,165
60,2016-06-10,Boston Red Sox,Minnesota Twins,1,44,8,16,4,1,1,8,1,8,0,0,0,1,0,0,0,10,12,22786,180
61,2016-06-11,Boston Red Sox,Minnesota Twins,1,41,15,15,2,0,2,13,4,3,1,0,1,2,1,0,1,5,13,28633,225
62,2016-06-12,Boston Red Sox,Minnesota Twins,0,34,4,7,1,0,1,2,6,7,0,0,0,1,4,2,0,6,12,26087,208
63,2016-06-14,Boston Red Sox,Baltimore Orioles,0,33,2,7,3,0,1,2,3,11,0,0,0,0,1,0,0,7,11,38009,167
64,2016-06-15,Boston Red Sox,Baltimore Orioles,1,35,6,13,1,0,1,6,4,4,0,0,0,0,2,0,0,9,10,36233,178
65,2016-06-16,Boston Red Sox,Baltimore Orioles,0,31,1,4,1,0,1,1,1,6,0,0,0,0,0,0,0,4,9,36757,173
66,2016-06-17,Boston Red Sox,Seattle Mariners,0,35,4,11,3,0,1,4,1,4,0,0,2,1,2,0,0,7,9,35896,169
67,2016-06-18,Boston Red Sox,Seattle Mariners,1,34,6,12,2,0,2,4,1,5,0,0,0,0,2,0,0,5,9,37195,173
68,2016-06-19,Boston Red Sox,Seattle Mariners,1,32,2,11,1,1,1,2,4,5,1,0,0,0,1,2,2,11,9,37211,185
69,2016-06-20,Boston Red Sox,Chicago White Sox,0,35,1,5,0,0,0,1,5,10,0,0,0,0,0,0,0,9,12,36291,213
70,2016-06-21,Boston Red Sox,Chicago White Sox,0,32,1,6,1,0,0,1,2,11,1,0,1,0,0,0,0,8,12,36544,174
71,2016-06-22,Boston Red Sox,Chicago White Sox,0,37,6,13,2,0,1,6,8,5,0,0,0,0,1,0,0,12,10,37413,218
72,2016-06-23,Boston Red Sox,Chicago White Sox,1,37,8,12,3,0,0,7,9,7,1,0,1,0,1,0,0,12,13,37790,265
73,2016-06-24,Boston Red Sox,Texas Rangers,1,34,8,9,1,0,3,7,5,5,1,0,0,0,2,1,0,5,10,46811,228
74,2016-06-25,Boston Red Sox,Texas Rangers,0,32,3,7,2,0,1,3,4,9,0,0,0,0,2,0,0,6,10,47559,210
75,2016-06-26,Boston Red Sox,Texas Rangers,0,34,2,8,0,0,1,2,3,3,0,0,0,0,1,1,0,8,11,36312,184
76,2016-06-27,Boston Red Sox,Tampa Bay Rays,0,37,7,12,2,0,1,7,4,7,0,0,1,0,0,0,0,8,13,18024,209
77,2016-06-28,Boston Red Sox,Tampa Bay Rays,1,37,8,11,4,0,1,8,6,11,0,0,0,0,1,2,0,8,9,16986,191
78,2016-06-29,Boston Red Sox,Tampa Bay Rays,0,32,0,5,0,0,0,0,2,9,0,0,0,1,0,0,1,7,11,24110,169
79,2016-07-01,Boston Red Sox,Los Angeles Angels,1,36,5,16,4,0,1,5,2,7,1,0,0,0,2,1,0,10,9,37117,216
80,2016-07-02,Boston Red Sox,Los Angeles Angels,0,35,2,8,3,0,1,1,4,4,0,0,0,1,1,0,0,10,11,36552,218
81,2016-07-03,Boston Red Sox,Los Angeles Angels,1,38,10,16,5,0,0,9,5,6,0,0,0,0,0,0,0,9,9,36801,232
82,2016-07-04,Boston Red Sox,Texas Rangers,1,44,12,21,9,0,4,12,4,4,0,0,0,0,1,1,0,12,9,36253,220
83,2016-07-05,Boston Red Sox,Texas Rangers,0,36,2,11,2,0,1,2,5,4,2,0,0,0,1,1,0,14,9,35964,201
84,2016-07-06,Boston Red Sox,Texas Rangers,1,35,11,10,5,0,1,11,4,5,1,0,1,3,1,1,0,6,10,37175,199
85,2016-07-08,Boston Red Sox,Tampa Bay Rays,1,33,6,11,0,0,1,6,2,5,0,0,1,0,0,4,1,6,11,37739,200
86,2016-07-09,Boston Red Sox,Tampa Bay Rays,1,32,4,8,1,0,1,4,4,6,0,0,0,1,1,0,0,8,9,36900,163
87,2016-07-10,Boston Red Sox,Tampa Bay Rays,1,31,4,8,2,0,1,4,1,9,0,0,1,0,0,0,0,5,9,36669,151
88,2016-07-15,Boston Red Sox,New York Yankees,1,35,5,8,0,0,3,5,4,10,0,0,0,0,0,0,0,7,9,47439,185
89,2016-07-16,Boston Red Sox,New York Yankees,1,37,5,10,0,0,1,5,4,4,0,0,0,1,1,0,0,9,9,48329,176
90,2016-07-17,Boston Red Sox,New York Yankees,0,29,1,3,1,0,1,1,3,9,0,0,0,0,1,0,0,4,11,42884,177
91,2016-07-19,Boston Red Sox,San Francisco Giants,1,29,4,4,0,0,2,4,1,6,0,0,0,1,0,0,0,2,9,38082,162
92,2016-07-20,Boston Red Sox,San Francisco Giants,1,40,11,16,4,1,5,11,2,3,1,0,0,0,0,1,0,8,9,38201,226
93,2016-07-21,Boston Red Sox,Minnesota Twins,1,39,13,17,5,0,3,12,2,7,0,0,0,0,2,0,0,4,12,37566,165
94,2016-07-22,Boston Red Sox,Minnesota Twins,0,30,1,4,0,0,1,1,2,6,0,0,0,1,3,0,0,4,10,37001,180
95,2016-07-23,Boston Red Sox,Minnesota Twins,0,40,9,15,4,0,1,8,6,7,1,0,1,0,1,0,0,12,10,37600,251
96,2016-07-24,Boston Red Sox,Minnesota Twins,1,34,8,10,0,0,3,7,1,7,0,0,0,1,0,1,1,3,9,36806,195
97,2016-07-25,Boston Red Sox,Detroit Tigers,0,37,2,10,1,0,0,2,3,8,0,0,0,0,0,0,0,11,10,37479,207
98,2016-07-26,Boston Red Sox,Detroit Tigers,0,35,8,9,2,0,2,8,3,4,2,0,0,0,2,0,0,5,9,38378,213
99,2016-07-27,Boston Red Sox,Detroit Tigers,0,31,3,7,2,1,2,3,0,5,0,1,0,1,2,0,0,2,9,37842,175
100,2016-07-28,Boston Red Sox,Los Angeles Angels,0,30,1,8,0,0,0,1,2,4,0,0,1,0,1,1,2,5,9,41257,185
101,2016-07-29,Boston Red Sox,Los Angeles Angels,1,31,6,7,1,0,2,6,7,8,0,0,1,0,1,1,1,6,9,39113,150
102,2016-07-30,Boston Red Sox,Los Angeles Angels,0,33,2,6,0,0,1,2,7,12,0,0,0,0,0,0,0,11,10,43150,186
103,2016-07-31,Boston Red Sox,Los Angeles Angels,1,37,5,9,1,0,2,5,3,13,0,0,0,1,0,0,0,8,10,39553,212
104,2016-08-01,Boston Red Sox,Seattle Mariners,1,31,2,5,1,0,2,2,0,6,0,0,0,0,1,0,0,2,9,29601,162
105,2016-08-02,Boston Red Sox,Seattle Mariners,0,32,4,6,4,0,1,4,2,8,1,0,1,0,0,0,0,5,11,25240,150
106,2016-08-03,Boston Red Sox,Seattle Mariners,0,34,1,7,0,0,0,1,0,8,1,0,0,0,0,0,0,7,9,24494,136
107,2016-08-04,Boston Red Sox,Seattle Mariners,1,41,3,13,2,0,1,3,4,6,0,1,0,0,2,0,1,10,11,33369,227
108,2016-08-05,Boston Red Sox,Los Angeles Dodgers,1,35,9,10,0,0,3,8,5,6,0,0,1,2,3,0,0,5,12,52728,169
109,2016-08-06,Boston Red Sox,Los Angeles Dodgers,0,32,0,5,0,0,0,0,2,11,0,0,0,0,0,0,0,7,14,47696,174
110,2016-08-07,Boston Red Sox,Los Angeles Dodgers,0,30,5,6,1,0,0,5,6,10,1,0,1,0,2,2,0,6,17,50640,203
111,2016-08-09,Boston Red Sox,New York Yankees,1,31,5,9,4,1,0,5,1,5,0,0,0,0,1,0,0,3,9,38089,193
112,2016-08-10,Boston Red Sox,New York Yankees,0,35,4,9,3,0,0,4,6,5,1,0,0,0,0,0,0,11,12,37779,255
113,2016-08-11,Boston Red Sox,New York Yankees,0,34,2,9,5,0,0,2,3,8,1,0,0,0,1,0,1,9,10,38161,182
114,2016-08-12,Boston Red Sox,Arizona Diamondbacks,1,36,9,11,0,0,3,9,0,9,1,0,0,2,1,0,0,4,11,37555,173
115,2016-08-13,Boston Red Sox,Arizona Diamondbacks,1,33,6,8,1,0,2,6,2,5,0,0,0,1,0,0,0,5,10,37653,192
116,2016-08-14,Boston Red Sox,Arizona Diamondbacks,1,44,16,19,3,0,4,15,4,7,0,0,0,1,0,0,0,8,12,36842,169
117,2016-08-15,Boston Red Sox,Cleveland Indians,1,36,3,10,1,0,2,3,1,5,0,0,0,0,1,0,0,7,9,19174,177
118,2016-08-16,Boston Red Sox,Baltimore Orioles,1,32,5,7,1,0,2,5,6,6,0,0,0,0,2,0,0,6,9,26014,185
119,2016-08-17,Boston Red Sox,Baltimore Orioles,1,30,8,13,3,0,2,8,2,4,1,0,0,0,0,1,0,7,9,26160,132
120,2016-08-18,Boston Red Sox,Detroit Tigers,0,35,3,9,0,0,1,2,4,6,0,0,0,0,1,0,0,9,13,34649,203
121,2016-08-19,Boston Red Sox,Detroit Tigers,1,43,10,16,4,0,2,10,2,7,0,0,0,0,0,1,0,8,12,36108,166
122,2016-08-20,Boston Red Sox,Detroit Tigers,1,34,3,8,1,0,1,2,2,10,0,0,0,0,1,0,0,6,9,37886,156
123,2016-08-21,Boston Red Sox,Detroit Tigers,0,32,5,7,1,1,1,5,3,8,0,0,1,0,0,0,0,4,9,31032,189
124,2016-08-22,Boston Red Sox,Tampa Bay Rays,1,33,6,9,3,0,1,6,8,7,0,0,2,1,1,1,0,10,10,13576,193
125,2016-08-23,Boston Red Sox,Tampa Bay Rays,1,30,2,5,1,0,0,1,4,12,0,0,0,0,1,0,0,5,9,11249,189
126,2016-08-24,Boston Red Sox,Tampa Bay Rays,0,40,3,9,2,0,1,3,2,14,0,0,0,0,0,3,0,6,11,11896,221
127,2016-08-25,Boston Red Sox,Tampa Bay Rays,0,29,1,7,1,0,0,1,3,7,0,0,1,0,2,0,1,5,10,12059,152
128,2016-08-26,Boston Red Sox,Kansas City Royals,0,40,3,15,2,0,0,3,2,11,0,0,0,0,1,0,0,12,11,38134,194
129,2016-08-27,Boston Red Sox,Kansas City Royals,1,34,8,12,3,0,3,8,3,3,0,0,0,0,1,0,0,5,10,37933,183
130,2016-08-28,Boston Red Sox,Kansas City Royals,0,33,4,9,0,0,1,4,4,5,0,0,0,1,4,0,0,6,9,37337,205
131,2016-08-29,Boston Red Sox,Tampa Bay Rays,1,37,9,14,6,0,1,9,4,7,0,0,0,0,0,0,0,8,10,36948,191
132,2016-08-30,Boston Red Sox,Tampa Bay Rays,0,31,3,6,2,0,1,3,3,12,0,0,1,0,0,0,1,5,11,37083,191
133,2016-08-31,Boston Red Sox,Tampa Bay Rays,1,34,8,12,2,0,3,8,3,5,0,1,0,0,0,0,1,6,10,36786,190
134,2016-09-02,Boston Red Sox,Oakland Athletics,1,42,16,17,5,0,1,15,6,5,0,0,3,1,0,0,0,8,13,21376,207
135,2016-09-03,Boston Red Sox,Oakland Athletics,1,45,11,17,5,0,1,10,4,12,0,0,0,1,0,0,0,11,15,30045,180
136,2016-09-04,Boston Red Sox,Oakland Athletics,0,33,0,6,0,0,0,0,3,9,0,0,0,1,0,0,0,9,9,25139,159
137,2016-09-05,Boston Red Sox,San Diego Padres,0,32,1,7,1,0,1,1,2,14,0,0,0,0,2,0,0,6,17,40446,181
138,2016-09-06,Boston Red Sox,San Diego Padres,1,35,5,10,1,0,2,5,5,10,0,0,0,0,2,1,0,8,13,30644,184
139,2016-09-07,Boston Red Sox,San Diego Padres,1,36,7,9,1,0,3,7,4,6,0,0,0,1,1,2,0,6,14,31662,181
140,2016-09-09,Boston Red Sox,Toronto Blue Jays,1,42,13,18,4,0,2,13,4,6,1,0,2,2,1,1,1,9,14,46953,203
141,2016-09-10,Boston Red Sox,Toronto Blue Jays,0,31,2,4,0,0,1,2,2,8,1,0,1,1,0,1,0,6,13,47829,183
142,2016-09-11,Boston Red Sox,Toronto Blue Jays,1,37,11,11,3,0,3,11,6,11,1,0,0,0,0,1,1,6,9,47816,226
143,2016-09-12,Boston Red Sox,Baltimore Orioles,1,37,12,16,3,0,3,11,3,7,0,0,2,1,1,0,1,6,14,37551,160
144,2016-09-13,Boston Red Sox,Baltimore Orioles,0,35,3,9,2,0,1,3,4,6,0,0,0,0,1,0,0,9,10,38041,209
145,2016-09-14,Boston Red Sox,Baltimore Orioles,0,31,0,4,0,0,0,0,1,7,0,0,0,1,1,0,0,5,9,37973,155
146,2016-09-15,Boston Red Sox,New York Yankees,1,34,7,9,2,0,2,7,5,2,1,0,1,0,0,0,0,8,12,37767,232
147,2016-09-16,Boston Red Sox,New York Yankees,1,31,7,12,4,0,2,6,2,2,1,0,1,0,1,1,0,4,9,37927,193
148,2016-09-17,Boston Red Sox,New York Yankees,1,33,6,10,4,0,1,5,4,5,0,0,0,0,0,0,0,7,9,37267,216
149,2016-09-18,Boston Red Sox,New York Yankees,1,34,5,10,1,0,2,5,3,8,0,0,0,0,0,0,0,8,11,37306,211
150,2016-09-19,Boston Red Sox,Baltimore Orioles,1,34,5,9,1,0,2,5,2,4,1,0,0,1,2,1,1,5,9,18456,153
151,2016-09-20,Boston Red Sox,Baltimore Orioles,1,38,5,11,1,0,2,5,1,8,0,0,0,0,0,0,0,7,9,20387,194
152,2016-09-21,Boston Red Sox,Baltimore Orioles,1,32,5,6,0,0,1,3,4,10,0,0,0,1,1,1,0,5,9,20865,175
153,2016-09-22,Boston Red Sox,Baltimore Orioles,1,34,5,9,0,1,1,5,7,8,0,1,0,1,1,0,0,10,11,26788,199
154,2016-09-23,Boston Red Sox,Tampa Bay Rays,1,35,2,9,0,0,1,2,5,7,0,0,0,0,0,0,0,11,11,20543,172
155,2016-09-24,Boston Red Sox,Tampa Bay Rays,1,33,6,8,1,0,1,6,2,7,0,0,0,0,2,1,0,2,9,25641,190
156,2016-09-25,Boston Red Sox,Tampa Bay Rays,1,35,3,8,3,0,1,2,6,8,0,0,0,0,2,0,0,8,10,26443,241
157,2016-09-27,Boston Red Sox,New York Yankees,0,35,4,10,2,0,1,4,3,6,0,1,0,0,1,0,0,8,13,35161,189
158,2016-09-28,Boston Red Sox,New York Yankees,0,31,3,5,2,0,0,2,8,3,0,0,0,1,1,1,1,9,12,35520,208
159,2016-09-29,Boston Red Sox,New York Yankees,0,29,1,4,0,0,1,1,2,10,0,0,0,0,2,0,0,3,11,41597,197
160,2016-09-30,Boston Red Sox,Toronto Blue Jays,1,35,5,10,2,1,1,4,2,8,0,0,0,1,0,0,0,8,9,37661,205
161,2016-10-01,Boston Red Sox,Toronto Blue Jays,0,31,3,5,1,0,0,2,6,2,0,0,0,0,1,0,0,7,13,37396,209
162,2016-10-02,Boston Red Sox,Toronto Blue Jays,0,30,1,4,0,0,1,1,3,8,1,0,0,0,1,1,0,6,11,36787,194
163,2017-04-03,Boston Red Sox,Pittsburgh Pirates,1,33,5,10,0,1,1,5,2,7,0,0,0,0,1,2,0,6,9,36594,183
164,2017-04-05,Boston Red Sox,Pittsburgh Pirates,1,39,3,8,1,0,1,3,6,10,0,0,0,0,2,1,0,8,9,36137,233
165,2017-04-07,Boston Red Sox,Detroit Tigers,0,37,5,10,3,0,1,5,3,6,1,0,0,1,1,1,0,9,10,45013,215
166,2017-04-08,Boston Red Sox,Detroit Tigers,0,30,1,6,2,0,0,1,2,7,2,0,1,0,2,0,0,7,10,32622,185
167,2017-04-09,Boston Red Sox,Detroit Tigers,1,34,7,11,3,0,0,6,6,3,0,0,0,0,2,0,1,6,10,33662,207
168,2017-04-10,Boston Red Sox,Detroit Tigers,0,31,1,4,2,0,0,0,3,7,0,0,0,1,1,0,0,6,10,24672,164
169,2017-04-11,Boston Red Sox,Baltimore Orioles,1,35,8,15,2,1,0,8,3,5,0,0,2,1,2,1,1,8,9,37497,195
170,2017-04-12,Boston Red Sox,Baltimore Orioles,0,37,5,11,3,0,1,5,4,5,1,0,1,1,1,0,0,11,10,32211,226
171,2017-04-13,Boston Red Sox,Pittsburgh Pirates,1,31,4,8,3,0,0,4,3,7,0,0,0,0,0,0,0,6,10,32400,195
172,2017-04-14,Boston Red Sox,Tampa Bay Rays,0,40,5,14,3,0,0,5,3,7,1,0,0,0,0,0,0,12,10,36813,217
173,2017-04-15,Boston Red Sox,Tampa Bay Rays,1,30,2,6,1,0,1,2,2,4,0,0,0,0,0,0,0,6,9,36686,174
174,2017-04-16,Boston Red Sox,Tampa Bay Rays,1,37,7,17,5,0,1,7,3,3,0,0,0,0,2,0,0,9,10,36209,226
175,2017-04-17,Boston Red Sox,Tampa Bay Rays,1,32,4,9,1,0,0,4,3,6,0,0,0,0,1,0,1,7,9,37318,187
176,2017-04-18,Boston Red Sox,Toronto Blue Jays,1,40,8,15,3,0,1,8,3,8,0,0,0,0,1,0,1,8,9,29281,228
177,2017-04-19,Boston Red Sox,Toronto Blue Jays,0,32,0,6,0,0,0,0,2,9,0,0,0,1,2,0,0,7,9,30842,165
178,2017-04-20,Boston Red Sox,Toronto Blue Jays,1,36,4,7,2,0,0,4,4,10,0,0,0,0,0,3,0,6,11,44283,187
179,2017-04-21,Boston Red Sox,Baltimore Orioles,0,31,0,6,0,0,0,0,2,4,0,0,0,1,3,1,0,6,12,34442,200
180,2017-04-22,Boston Red Sox,Baltimore Orioles,0,33,2,6,0,0,1,2,3,5,1,0,0,0,0,1,0,8,10,35457,167
181,2017-04-23,Boston Red Sox,Baltimore Orioles,1,37,6,14,1,0,3,6,4,4,0,0,0,0,2,0,1,8,10,35522,214
182,2017-04-26,Boston Red Sox,New York Yankees,0,30,1,4,1,0,0,1,4,10,0,0,0,0,1,0,0,6,10,32072,196
183,2017-04-27,Boston Red Sox,New York Yankees,0,29,0,3,0,0,0,0,0,3,0,0,0,0,1,0,0,2,9,34054,141
184,2017-04-28,Boston Red Sox,Chicago Cubs,1,33,5,13,2,0,1,5,3,10,0,0,0,0,2,0,1,7,9,37054,208
185,2017-04-29,Boston Red Sox,Chicago Cubs,0,34,4,10,1,1,2,4,1,8,0,0,1,0,1,0,0,5,9,36776,180
186,2017-04-30,Boston Red Sox,Chicago Cubs,1,29,6,6,0,0,1,3,5,9,0,0,0,1,1,0,0,4,9,36916,208
187,2017-05-01,Boston Red Sox,Baltimore Orioles,0,30,2,6,2,0,0,2,4,2,1,0,0,0,2,0,0,6,10,33489,190
188,2017-05-02,Boston Red Sox,Baltimore Orioles,1,32,5,10,2,0,2,5,2,4,0,0,0,0,0,0,0,5,9,32932,153
189,2017-05-03,Boston Red Sox,Baltimore Orioles,1,29,4,6,1,0,0,4,5,2,1,0,1,1,1,2,1,8,10,33162,204
190,2017-05-04,Boston Red Sox,Baltimore Orioles,0,35,3,9,0,0,1,2,1,4,0,0,0,0,1,0,0,6,9,36563,201
191,2017-05-05,Boston Red Sox,Minnesota Twins,0,36,3,9,2,0,1,3,2,5,0,0,0,0,0,0,0,8,12,28707,204
192,2017-05-06,Boston Red Sox,Minnesota Twins,1,43,11,16,4,0,3,11,6,8,0,0,0,1,1,1,0,11,10,30859,183
193,2017-05-07,Boston Red Sox,Minnesota Twins,1,42,17,16,6,1,5,17,9,5,1,0,0,0,1,1,0,8,10,31763,226
194,2017-05-09,Boston Red Sox,Milwaukee Brewers,0,37,7,12,5,0,1,7,6,10,0,0,0,0,2,0,0,9,17,22524,218
195,2017-05-10,Boston Red Sox,Milwaukee Brewers,0,34,4,11,3,0,1,3,5,4,0,1,0,0,3,0,0,9,16,23095,217
196,2017-05-11,Boston Red Sox,Milwaukee Brewers,1,33,4,8,2,0,1,3,6,11,0,1,0,1,2,2,0,9,14,26499,209
197,2017-05-12,Boston Red Sox,Tampa Bay Rays,0,33,4,5,3,0,0,2,4,7,0,0,0,1,0,0,0,6,9,36496,204
198,2017-05-13,Boston Red Sox,Tampa Bay Rays,1,29,6,7,4,0,1,6,3,9,0,1,0,0,1,0,0,3,9,35447,174
199,2017-05-14,Boston Red Sox,Tampa Bay Rays,0,34,2,6,2,0,0,2,4,10,0,0,0,1,0,1,0,9,11,35080,272
200,2017-05-16,Boston Red Sox,St. Louis Cardinals,1,31,6,6,0,0,2,5,3,4,1,1,1,3,1,1,1,4,14,41514,201
201,2017-05-17,Boston Red Sox,St. Louis Cardinals,1,48,5,11,1,2,1,5,3,11,1,0,1,0,1,1,0,9,21,44365,260
202,2017-05-18,Boston Red Sox,Oakland Athletics,0,31,3,6,0,0,1,3,3,10,0,0,1,0,1,1,0,5,10,12016,189
203,2017-05-19,Boston Red Sox,Oakland Athletics,0,38,2,10,3,0,1,2,4,9,0,0,0,1,2,0,1,10,11,24728,192
204,2017-05-20,Boston Red Sox,Oakland Athletics,0,35,3,7,1,0,1,3,0,9,0,0,0,1,0,0,0,5,9,20235,202
205,2017-05-21,Boston Red Sox,Oakland Athletics,1,39,12,15,3,0,1,11,6,7,0,0,1,1,1,4,1,7,9,20691,191
206,2017-05-23,Boston Red Sox,Texas Rangers,1,34,11,12,3,0,0,8,8,7,0,0,1,0,0,1,0,8,9,34769,203
207,2017-05-24,Boston Red Sox,Texas Rangers,1,33,9,12,1,0,0,8,5,5,0,0,1,0,2,1,0,6,12,36089,179
208,2017-05-25,Boston Red Sox,Texas Rangers,1,32,6,10,1,0,2,6,5,7,1,0,0,0,2,3,0,8,10,33484,203
209,2017-05-26,Boston Red Sox,Seattle Mariners,1,31,3,8,2,0,0,1,7,8,0,0,0,0,1,0,0,11,9,35080,191
210,2017-05-27,Boston Red Sox,Seattle Mariners,1,31,6,9,0,0,1,6,2,3,2,0,0,0,0,2,0,5,9,36985,143
211,2017-05-28,Boston Red Sox,Seattle Mariners,0,29,0,5,1,0,0,0,2,4,1,0,0,2,4,0,1,5,11,37174,194
212,2017-05-29,Boston Red Sox,Chicago White Sox,0,30,4,4,2,0,1,4,4,10,1,0,1,0,0,0,0,5,13,27148,196
213,2017-05-30,Boston Red Sox,Chicago White Sox,1,42,13,16,5,0,6,13,4,11,1,0,0,0,0,1,1,7,10,21852,233
214,2017-05-31,Boston Red Sox,Chicago White Sox,1,33,4,7,1,0,0,4,3,9,0,0,0,0,1,0,0,5,9,19075,179
215,2017-06-01,Boston Red Sox,Baltimore Orioles,0,35,5,9,0,0,1,5,1,6,0,0,0,0,0,0,0,4,11,20150,158
216,2017-06-02,Boston Red Sox,Baltimore Orioles,0,30,2,4,1,0,1,2,1,8,0,0,0,0,0,0,1,2,10,33193,179
217,2017-06-03,Boston Red Sox,Baltimore Orioles,1,34,5,9,4,0,1,5,3,6,0,1,0,0,2,0,0,6,9,35470,202
218,2017-06-04,Boston Red Sox,Baltimore Orioles,1,35,7,9,1,0,2,5,5,7,0,0,0,0,0,2,0,6,10,31819,186
219,2017-06-06,Boston Red Sox,New York Yankees,1,33,5,6,1,0,3,5,2,8,0,0,0,0,0,0,0,3,10,41516,215
220,2017-06-07,Boston Red Sox,New York Yankees,0,31,0,5,1,1,0,0,0,5,0,0,0,0,1,0,0,4,10,44380,162
221,2017-06-08,Boston Red Sox,New York Yankees,0,31,1,4,0,0,0,0,4,12,0,0,0,1,1,0,1,7,9,46194,207
222,2017-06-09,Boston Red Sox,Detroit Tigers,1,33,5,11,2,0,2,5,3,5,0,0,0,1,2,0,0,7,10,36853,216
223,2017-06-10,Boston Red Sox,Detroit Tigers,1,34,11,13,3,0,0,11,9,8,0,0,3,0,0,1,0,11,10,37162,219
224,2017-06-11,Boston Red Sox,Detroit Tigers,0,36,3,12,4,0,0,3,6,11,0,0,0,0,2,1,0,12,9,35457,246
225,2017-06-12,Boston Red Sox,Philadelphia Phillies,1,43,6,16,3,0,2,6,3,8,0,1,0,0,1,1,0,10,11,36757,256
226,2017-06-13,Boston Red Sox,Philadelphia Phillies,1,44,4,14,5,0,1,4,4,5,2,0,0,0,2,0,1,12,11,37141,264
227,2017-06-14,Boston Red Sox,Philadelphia Phillies,1,35,7,13,4,0,2,7,3,3,0,0,1,0,2,0,0,5,15,28263,206
228,2017-06-15,Boston Red Sox,Philadelphia Phillies,0,31,0,5,1,0,0,0,3,12,0,0,0,0,0,0,0,7,9,30729,145
229,2017-06-16,Boston Red Sox,Houston Astros,1,33,2,7,0,1,1,2,2,6,0,0,0,0,1,2,0,6,9,36189,191
230,2017-06-17,Boston Red Sox,Houston Astros,0,29,1,3,0,0,1,1,1,6,0,0,0,0,1,0,0,2,10,41017,154
231,2017-06-18,Boston Red Sox,Houston Astros,1,33,6,8,1,0,2,6,2,10,2,0,0,0,0,0,1,4,10,38389,248
232,2017-06-19,Boston Red Sox,Kansas City Royals,0,37,2,10,0,1,1,2,1,5,2,0,0,0,0,0,0,11,11,27992,191
233,2017-06-20,Boston Red Sox,Kansas City Royals,1,38,8,13,4,0,0,8,3,7,0,0,1,0,0,0,0,7,9,25983,174
234,2017-06-21,Boston Red Sox,Kansas City Royals,0,31,4,5,2,0,2,3,3,9,0,1,1,1,0,0,0,5,10,30826,187
235,2017-06-23,Boston Red Sox,Los Angeles Angels,1,33,9,10,3,0,2,7,3,6,0,0,0,0,0,1,0,3,9,37034,187
236,2017-06-24,Boston Red Sox,Los Angeles Angels,0,33,3,6,3,0,1,2,2,11,1,0,0,0,1,0,0,6,11,36868,214
237,2017-06-25,Boston Red Sox,Los Angeles Angels,0,33,2,8,0,0,2,2,0,6,1,0,0,0,0,0,1,5,11,36474,170
238,2017-06-26,Boston Red Sox,Minnesota Twins,1,31,4,9,0,0,1,3,3,8,0,0,1,0,1,1,0,7,9,37172,175
239,2017-06-27,Boston Red Sox,Minnesota Twins,1,32,9,10,1,0,2,7,7,6,1,0,1,2,1,3,0,8,10,36804,198
240,2017-06-28,Boston Red Sox,Minnesota Twins,0,34,1,7,2,0,0,1,3,7,2,0,0,0,0,1,0,11,10,37487,194
241,2017-06-29,Boston Red Sox,Minnesota Twins,1,33,6,10,2,1,2,6,2,4,0,0,0,1,2,0,0,5,9,37445,204
242,2017-06-30,Boston Red Sox,Toronto Blue Jays,1,43,7,13,6,0,0,7,14,8,0,0,0,0,2,2,1,17,11,41357,284
243,2017-07-01,Boston Red Sox,Toronto Blue Jays,1,36,7,12,3,0,0,7,4,8,0,0,1,0,1,3,0,7,9,46672,174
244,2017-07-02,Boston Red Sox,Toronto Blue Jays,1,46,15,21,3,1,3,15,4,9,0,0,0,0,2,2,0,8,10,46696,214
245,2017-07-03,Boston Red Sox,Texas Rangers,1,42,7,10,2,0,0,6,7,8,0,1,0,1,0,0,1,10,11,45448,247
246,2017-07-04,Boston Red Sox,Texas Rangers,1,46,11,19,2,0,3,11,3,9,0,0,0,1,1,2,0,11,11,43267,236
247,2017-07-05,Boston Red Sox,Texas Rangers,0,30,2,3,0,0,1,2,3,6,0,0,0,1,1,0,0,4,11,32276,172
248,2017-07-06,Boston Red Sox,Tampa Bay Rays,0,30,1,6,0,0,0,1,4,6,1,0,1,0,0,0,1,8,10,23375,163
249,2017-07-07,Boston Red Sox,Tampa Bay Rays,1,37,8,11,1,0,3,8,4,9,0,1,0,0,0,0,0,7,9,24842,204
250,2017-07-08,Boston Red Sox,Tampa Bay Rays,0,31,0,3,1,0,0,0,3,4,0,0,0,1,0,0,0,7,12,23419,161
251,2017-07-09,Boston Red Sox,Tampa Bay Rays,0,35,3,9,0,0,2,3,4,10,0,0,0,0,0,0,0,9,9,20812,187
252,2017-07-14,Boston Red Sox,New York Yankees,1,35,5,10,0,0,1,5,5,12,1,0,0,1,1,2,0,12,13,37570,207
253,2017-07-15,Boston Red Sox,New York Yankees,0,53,1,8,0,0,0,1,4,12,0,0,1,0,0,0,1,9,11,36936,350
254,2017-07-16,Boston Red Sox,New York Yankees,0,30,0,4,1,0,0,0,7,6,0,0,0,0,1,1,0,10,13,37343,193
255,2017-07-16,Boston Red Sox,New York Yankees,1,31,3,8,1,0,1,3,0,10,0,0,0,0,1,0,0,4,9,36719,179
256,2017-07-17,Boston Red Sox,Toronto Blue Jays,0,31,3,6,2,0,0,3,3,7,0,0,1,1,1,0,0,5,9,36144,198
257,2017-07-18,Boston Red Sox,Toronto Blue Jays,1,55,5,13,2,0,3,5,2,15,1,0,0,0,1,0,0,10,12,36488,299
258,2017-07-19,Boston Red Sox,Toronto Blue Jays,1,29,5,7,1,0,0,5,5,7,0,0,0,1,2,3,0,5,9,37360,167
259,2017-07-20,Boston Red Sox,Toronto Blue Jays,0,34,6,9,2,0,1,6,6,10,0,0,0,0,0,0,1,7,12,37094,205
260,2017-07-21,Boston Red Sox,Los Angeles Angels,1,35,6,9,2,0,0,5,1,8,0,0,0,0,0,0,0,3,9,37714,185
261,2017-07-22,Boston Red Sox,Los Angeles Angels,0,32,3,6,2,0,0,3,3,9,0,0,0,1,1,0,0,5,9,43829,187
262,2017-07-23,Boston Red Sox,Los Angeles Angels,0,32,2,6,0,0,1,2,1,4,0,0,0,0,1,0,0,4,9,40471,133
263,2017-07-24,Boston Red Sox,Seattle Mariners,0,31,0,4,0,0,0,0,0,12,0,0,0,1,1,0,0,4,9,29262,160
264,2017-07-25,Boston Red Sox,Seattle Mariners,0,48,5,9,1,0,1,5,6,9,0,0,0,1,1,1,0,10,13,28992,299
265,2017-07-26,Boston Red Sox,Seattle Mariners,1,34,4,9,2,0,2,4,1,5,1,0,1,0,1,0,0,6,9,39797,173
266,2017-07-28,Boston Red Sox,Kansas City Royals,0,33,2,7,1,1,0,2,2,5,0,0,0,0,1,0,0,6,10,37321,164
267,2017-07-29,Boston Red Sox,Kansas City Royals,1,39,9,13,2,1,2,8,6,8,0,0,2,1,1,0,0,9,11,36912,285
268,2017-07-30,Boston Red Sox,Kansas City Royals,0,34,3,9,1,0,1,3,2,7,1,0,0,0,2,3,0,7,10,36480,193
269,2017-07-31,Boston Red Sox,Cleveland Indians,1,35,6,13,4,0,0,6,5,6,0,0,0,0,1,1,0,10,9,37169,167
270,2017-08-01,Boston Red Sox,Cleveland Indians,1,40,12,15,6,0,2,12,4,7,1,0,0,0,1,0,0,7,10,37126,216
271,2017-08-03,Boston Red Sox,Chicago White Sox,1,38,9,15,5,0,2,9,4,4,1,0,0,1,0,2,0,10,9,37442,206
272,2017-08-04,Boston Red Sox,Chicago White Sox,1,40,3,8,0,0,2,3,0,14,0,0,0,0,0,0,0,5,11,36612,223
273,2017-08-05,Boston Red Sox,Chicago White Sox,1,30,4,5,2,0,2,4,2,8,0,0,0,1,0,1,0,4,9,36599,161
274,2017-08-06,Boston Red Sox,Chicago White Sox,1,29,6,8,2,0,3,6,5,6,2,0,0,0,1,3,1,6,9,37283,156
275,2017-08-08,Boston Red Sox,Tampa Bay Rays,1,37,2,12,2,0,0,2,1,7,0,0,0,0,0,2,0,9,9,22328,172
276,2017-08-09,Boston Red Sox,Tampa Bay Rays,1,36,8,9,2,0,0,3,4,5,1,0,0,2,2,1,0,6,9,11853,179
277,2017-08-11,Boston Red Sox,New York Yankees,0,33,4,8,1,0,2,4,6,8,0,0,1,0,0,0,0,9,10,46509,220
278,2017-08-12,Boston Red Sox,New York Yankees,1,39,10,12,3,0,2,10,2,8,0,0,0,2,0,0,0,4,10,47241,193
279,2017-08-13,Boston Red Sox,New York Yankees,1,34,3,4,0,0,1,3,6,12,1,0,0,0,0,0,0,8,12,46610,220
280,2017-08-14,Boston Red Sox,Cleveland Indians,0,36,3,8,2,0,3,3,2,15,0,0,0,1,0,0,1,8,9,37430,194
281,2017-08-15,Boston Red Sox,St. Louis Cardinals,1,38,10,15,2,0,0,10,3,5,2,0,0,1,2,0,0,9,11,37345,172
282,2017-08-16,Boston Red Sox,St. Louis Cardinals,1,31,5,9,2,0,1,4,6,6,0,0,1,0,3,0,0,7,11,37181,215
283,2017-08-18,Boston Red Sox,New York Yankees,1,32,9,10,1,0,2,9,6,5,0,0,1,0,1,2,0,6,11,36784,249
284,2017-08-19,Boston Red Sox,New York Yankees,0,34,3,6,2,0,1,3,2,11,0,0,0,0,0,0,1,6,11,37274,189
285,2017-08-20,Boston Red Sox,New York Yankees,1,35,5,12,3,1,0,5,5,3,0,0,0,0,0,0,0,11,9,36911,216
286,2017-08-21,Boston Red Sox,Cleveland Indians,0,31,4,5,0,0,2,4,6,8,1,0,0,0,1,1,0,7,11,21428,219
287,2017-08-22,Boston Red Sox,Cleveland Indians,1,38,9,12,3,0,2,9,1,7,1,0,1,0,0,1,0,5,10,19563,161
288,2017-08-23,Boston Red Sox,Cleveland Indians,1,35,6,8,1,0,2,5,2,14,1,0,0,0,0,0,0,5,9,25346,191
289,2017-08-24,Boston Red Sox,Cleveland Indians,0,34,6,9,1,1,2,6,5,13,0,0,0,0,1,0,1,6,10,21643,208
290,2017-08-25,Boston Red Sox,Baltimore Orioles,0,34,3,6,1,0,1,3,1,3,1,0,1,2,0,0,0,7,11,37191,217
291,2017-08-26,Boston Red Sox,Baltimore Orioles,0,30,0,4,1,0,0,0,4,6,0,0,0,0,1,0,0,7,9,36655,178
292,2017-08-27,Boston Red Sox,Baltimore Orioles,0,33,1,8,4,0,0,1,8,8,0,0,0,0,1,0,1,13,12,36625,202
293,2017-08-28,Boston Red Sox,Toronto Blue Jays,1,37,6,12,3,0,2,5,4,6,0,0,0,0,2,2,0,8,9,35630,203
294,2017-08-29,Boston Red Sox,Toronto Blue Jays,1,34,3,9,2,0,1,3,1,8,0,0,0,0,1,5,0,5,10,34674,164
295,2017-08-30,Boston Red Sox,Toronto Blue Jays,1,35,7,10,4,0,2,7,6,6,0,0,0,0,1,4,0,7,10,37693,178
296,2017-08-31,Boston Red Sox,New York Yankees,0,31,2,4,0,0,0,2,8,8,2,0,0,2,0,1,1,12,11,43309,224
297,2017-09-01,Boston Red Sox,New York Yankees,1,35,4,7,0,0,3,4,1,13,0,0,0,0,0,1,0,5,10,42332,164
298,2017-09-02,Boston Red Sox,New York Yankees,0,32,1,6,1,0,0,0,2,7,0,0,0,0,0,0,1,6,9,46536,178
299,2017-09-03,Boston Red Sox,New York Yankees,0,34,2,5,1,0,0,1,2,15,0,0,0,2,0,1,0,7,14,46717,226
300,2017-09-04,Boston Red Sox,Toronto Blue Jays,0,37,4,9,3,0,0,4,4,8,0,0,0,1,0,0,0,10,12,34311,205
301,2017-09-05,Boston Red Sox,Toronto Blue Jays,1,63,3,11,3,0,0,3,5,12,0,0,0,0,2,1,0,11,16,33009,360
302,2017-09-06,Boston Red Sox,Toronto Blue Jays,1,32,6,9,1,1,1,5,5,5,1,0,0,1,2,4,0,8,11,33190,177
303,2017-09-08,Boston Red Sox,Tampa Bay Rays,1,36,9,12,3,0,1,7,3,10,0,0,0,1,1,0,0,6,10,34781,194
304,2017-09-09,Boston Red Sox,Tampa Bay Rays,1,39,9,15,3,0,1,8,4,11,1,0,0,1,0,2,0,11,13,36734,185
305,2017-09-10,Boston Red Sox,Tampa Bay Rays,0,30,1,5,0,0,0,1,3,7,0,0,0,0,1,1,0,5,9,35859,202
306,2017-09-12,Boston Red Sox,Oakland Athletics,1,39,11,16,3,1,2,11,1,5,0,0,0,0,1,0,0,5,11,34355,186
307,2017-09-13,Boston Red Sox,Oakland Athletics,0,34,3,9,3,0,1,3,3,5,0,0,0,0,2,0,0,7,9,36366,187
308,2017-09-14,Boston Red Sox,Oakland Athletics,1,31,6,9,5,0,1,6,1,5,1,0,1,0,1,1,0,4,9,35470,199
309,2017-09-15,Boston Red Sox,Tampa Bay Rays,1,67,13,21,3,0,1,11,5,13,2,0,0,3,0,0,1,16,15,16006,365
310,2017-09-16,Boston Red Sox,Tampa Bay Rays,1,34,3,7,2,0,1,3,1,7,0,0,0,0,0,1,0,5,9,14942,164
311,2017-09-17,Boston Red Sox,Tampa Bay Rays,0,29,2,3,0,0,1,2,2,8,0,0,0,0,1,0,0,2,10,14936,157
312,2017-09-18,Boston Red Sox,Baltimore Orioles,1,44,10,12,3,0,1,10,5,10,0,0,0,0,1,0,0,6,16,16716,264
313,2017-09-19,Boston Red Sox,Baltimore Orioles,1,37,1,6,1,0,0,0,3,7,0,0,0,0,2,0,0,6,11,21449,207
314,2017-09-20,Boston Red Sox,Baltimore Orioles,1,37,9,11,3,1,2,9,7,8,0,0,0,1,1,0,0,8,11,16906,191
315,2017-09-22,Boston Red Sox,Cincinnati Reds,1,31,5,6,2,0,1,5,4,5,0,0,1,1,1,0,0,4,13,23463,165
316,2017-09-23,Boston Red Sox,Cincinnati Reds,1,31,5,7,2,0,1,5,8,6,0,0,1,1,1,0,1,8,13,36076,171
317,2017-09-24,Boston Red Sox,Cincinnati Reds,1,32,5,5,2,0,1,5,5,5,0,0,0,0,0,0,0,5,18,25545,191
318,2017-09-25,Boston Red Sox,Toronto Blue Jays,0,32,4,7,1,0,1,4,3,8,0,0,0,0,1,0,0,4,13,33940,177
319,2017-09-26,Boston Red Sox,Toronto Blue Jays,0,35,4,8,2,1,1,4,0,12,0,0,0,0,0,0,0,4,12,33999,184
320,2017-09-27,Boston Red Sox,Toronto Blue Jays,1,37,10,13,2,0,3,9,1,7,0,0,0,0,0,1,0,4,10,34445,177
321,2017-09-28,Boston Red Sox,Houston Astros,0,34,2,6,0,0,1,2,3,5,0,0,0,1,0,0,0,8,14,34222,211
322,2017-09-29,Boston Red Sox,Houston Astros,0,31,2,5,4,0,0,2,3,9,0,0,0,0,0,1,0,5,11,36623,167
323,2017-09-30,Boston Red Sox,Houston Astros,1,33,6,10,3,0,1,6,4,12,0,0,0,0,1,2,0,7,10,35722,199
324,2017-10-01,Boston Red Sox,Houston Astros,0,33,3,7,2,0,0,2,1,12,1,0,0,0,1,0,0,5,10,34517,189
325,2018-03-29,Boston Red Sox,Tampa Bay Rays,0,33,4,8,4,0,1,4,2,6,0,0,0,0,0,0,0,4,10,31042,180
326,2018-03-30,Boston Red Sox,Tampa Bay Rays,1,32,1,7,2,0,0,1,2,6,0,0,0,0,1,0,0,6,10,19203,166
327,2018-03-31,Boston Red Sox,Tampa Bay Rays,1,33,3,7,4,0,1,2,6,5,0,0,0,1,1,1,1,9,9,17838,201
328,2018-04-01,Boston Red Sox,Tampa Bay Rays,1,33,2,6,0,0,0,2,4,6,3,0,0,1,0,2,0,11,10,14256,204
329,2018-04-02,Boston Red Sox,Miami Marlins,1,38,7,12,3,0,2,7,3,6,0,0,0,0,0,1,1,7,13,11113,189
330,2018-04-03,Boston Red Sox,Miami Marlins,1,48,4,12,4,0,0,4,2,9,0,0,0,0,2,1,1,7,18,14953,267
331,2018-04-05,Boston Red Sox,Tampa Bay Rays,1,41,3,10,2,1,0,3,6,9,0,1,0,0,1,1,0,11,10,36134,235
332,2018-04-07,Boston Red Sox,Tampa Bay Rays,1,32,10,9,3,0,3,10,6,3,0,0,1,0,0,0,0,5,11,31821,168
333,2018-04-08,Boston Red Sox,Tampa Bay Rays,1,35,8,11,4,0,0,8,4,6,0,0,0,0,0,0,0,7,10,31979,230
334,2018-04-10,Boston Red Sox,New York Yankees,1,34,14,11,4,1,1,13,7,10,1,0,2,1,0,1,0,6,11,32357,191
335,2018-04-11,Boston Red Sox,New York Yankees,0,36,7,10,3,0,2,6,2,8,0,0,0,0,1,0,0,4,10,32400,239
336,2018-04-12,Boston Red Sox,New York Yankees,1,33,6,8,2,0,0,6,3,9,1,0,1,0,0,0,0,8,11,36341,181
337,2018-04-13,Boston Red Sox,Baltimore Orioles,1,34,7,11,4,0,1,5,6,6,1,0,1,0,0,0,0,11,9,32610,202
338,2018-04-14,Boston Red Sox,Baltimore Orioles,1,39,10,15,4,0,2,9,2,3,0,0,0,2,1,0,0,7,10,33584,185
339,2018-04-15,Boston Red Sox,Baltimore Orioles,1,34,3,10,4,1,0,2,2,8,0,0,0,1,0,2,0,9,9,32489,174
340,2018-04-17,Boston Red Sox,Los Angeles Angels,1,38,10,15,0,0,6,10,5,3,1,0,1,0,1,0,0,8,12,44822,195
341,2018-04-18,Boston Red Sox,Los Angeles Angels,1,41,9,14,3,0,3,9,3,12,0,0,0,1,1,0,0,8,10,34508,198
342,2018-04-19,Boston Red Sox,Los Angeles Angels,1,37,8,14,5,0,2,8,3,5,1,0,1,1,3,0,0,7,10,36253,215
343,2018-04-20,Boston Red Sox,Oakland Athletics,1,35,7,11,1,0,2,7,1,6,0,0,0,0,2,0,1,2,9,23473,196
344,2018-04-21,Boston Red Sox,Oakland Athletics,0,28,0,0,0,0,0,0,2,10,0,0,0,1,0,0,0,3,10,25746,136
345,2018-04-22,Boston Red Sox,Oakland Athletics,0,34,1,6,2,0,0,1,1,10,0,0,0,1,0,1,0,7,9,29804,164
346,2018-04-24,Boston Red Sox,Toronto Blue Jays,0,37,3,9,1,0,0,3,2,14,0,0,0,0,1,1,0,6,11,20070,171
347,2018-04-25,Boston Red Sox,Toronto Blue Jays,1,33,4,6,1,0,2,4,6,10,2,0,0,1,1,2,0,10,9,18914,184
348,2018-04-26,Boston Red Sox,Toronto Blue Jays,1,33,5,8,3,0,1,5,3,9,0,0,1,0,0,1,0,5,11,23571,188
349,2018-04-27,Boston Red Sox,Tampa Bay Rays,0,34,3,8,5,0,0,3,1,11,0,0,0,1,2,1,0,5,12,32620,190
350,2018-04-28,Boston Red Sox,Tampa Bay Rays,0,38,6,12,3,0,1,5,3,14,1,0,1,1,1,0,0,10,10,35795,232
351,2018-04-29,Boston Red Sox,Tampa Bay Rays,1,30,4,7,0,0,0,4,3,7,2,0,1,0,0,2,0,8,9,32888,181
352,2018-04-30,Boston Red Sox,Kansas City Royals,1,37,10,13,3,0,2,9,3,3,0,0,1,1,0,0,0,7,9,31314,193
353,2018-05-01,Boston Red Sox,Kansas City Royals,0,51,6,12,3,0,2,5,2,10,1,0,0,0,0,0,0,9,11,34466,265
354,2018-05-02,Boston Red Sox,Kansas City Royals,1,32,5,10,1,0,4,5,1,6,0,0,0,0,1,0,0,4,9,32267,165
355,2018-05-03,Boston Red Sox,Texas Rangers,0,36,5,9,2,0,1,5,4,6,0,0,1,1,0,0,0,9,11,22348,200
356,2018-05-04,Boston Red Sox,Texas Rangers,1,34,5,7,1,0,4,5,1,7,0,0,0,0,0,0,0,3,9,31404,156
357,2018-05-05,Boston Red Sox,Texas Rangers,1,35,6,9,2,1,1,5,3,6,0,1,1,2,1,0,0,7,10,35728,198
358,2018-05-06,Boston Red Sox,Texas Rangers,1,36,6,10,2,0,2,6,2,7,1,0,0,0,0,0,0,6,10,28360,153
359,2018-05-08,Boston Red Sox,New York Yankees,0,35,2,8,2,1,0,2,0,14,1,0,0,1,1,1,0,7,9,45773,209
360,2018-05-09,Boston Red Sox,New York Yankees,0,36,6,12,2,0,3,6,5,10,0,0,1,0,2,0,0,9,11,47088,222
361,2018-05-10,Boston Red Sox,New York Yankees,1,37,5,10,2,0,2,5,1,11,0,0,0,0,0,1,0,6,9,46899,201
362,2018-05-11,Boston Red Sox,Toronto Blue Jays,0,42,3,6,1,0,1,2,4,12,1,0,0,1,1,2,0,8,11,28695,234
363,2018-05-12,Boston Red Sox,Toronto Blue Jays,1,38,5,12,4,0,1,5,1,11,0,0,0,0,0,0,1,7,9,37588,191
364,2018-05-13,Boston Red Sox,Toronto Blue Jays,1,33,5,8,1,0,1,5,5,7,0,0,0,0,1,4,1,6,9,37888,222
365,2018-05-14,Boston Red Sox,Oakland Athletics,0,36,5,9,1,0,2,5,1,4,0,0,0,1,1,1,0,5,10,35249,160
366,2018-05-15,Boston Red Sox,Oakland Athletics,0,38,3,10,4,0,1,3,1,6,0,0,0,1,0,0,0,9,10,34906,196
367,2018-05-16,Boston Red Sox,Oakland Athletics,1,32,6,9,0,0,2,6,2,6,0,0,0,0,0,0,1,4,9,34947,188
368,2018-05-17,Boston Red Sox,Baltimore Orioles,1,32,6,10,0,0,2,6,4,7,0,0,1,0,1,5,0,7,10,36615,164
369,2018-05-18,Boston Red Sox,Baltimore Orioles,0,38,4,13,6,0,1,4,3,4,0,0,0,1,1,0,1,10,12,34935,198
370,2018-05-19,Boston Red Sox,Baltimore Orioles,1,29,6,6,2,0,3,6,5,8,0,0,0,1,2,1,0,4,9,34195,174
371,2018-05-20,Boston Red Sox,Baltimore Orioles,1,36,5,12,3,0,3,5,5,8,0,0,0,0,0,0,0,12,9,35550,205
372,2018-05-22,Boston Red Sox,Tampa Bay Rays,1,31,4,7,0,0,2,4,4,5,1,0,0,0,3,0,0,5,9,10642,175
373,2018-05-23,Boston Red Sox,Tampa Bay Rays,1,29,4,5,2,0,0,2,6,11,0,0,1,1,2,0,0,5,9,10194,190
374,2018-05-24,Boston Red Sox,Tampa Bay Rays,0,33,3,7,2,0,1,2,2,11,0,0,0,0,1,1,0,5,9,12468,178
375,2018-05-25,Boston Red Sox,Atlanta Braves,1,29,6,7,0,1,4,6,3,5,0,0,1,0,0,2,0,3,9,37008,193
376,2018-05-26,Boston Red Sox,Atlanta Braves,1,35,8,10,1,2,1,8,6,7,1,0,0,1,0,0,0,10,10,36510,209
377,2018-05-27,Boston Red Sox,Atlanta Braves,0,30,1,4,2,1,0,1,4,10,0,0,0,0,1,0,0,6,9,36543,173
378,2018-05-28,Boston Red Sox,Toronto Blue Jays,1,33,8,11,1,1,2,8,4,4,0,0,1,0,1,1,0,6,9,34700,174
379,2018-05-29,Boston Red Sox,Toronto Blue Jays,1,35,8,13,6,0,2,8,2,4,1,0,0,0,2,1,0,6,9,33380,179
380,2018-05-30,Boston Red Sox,Toronto Blue Jays,1,34,6,11,2,0,2,6,1,8,0,0,0,1,0,1,1,5,10,33451,172
381,2018-05-31,Boston Red Sox,Houston Astros,0,33,2,6,3,0,0,2,3,7,0,0,0,0,0,1,0,7,9,30658,177
382,2018-06-01,Boston Red Sox,Houston Astros,0,34,3,7,1,0,2,3,2,11,0,0,0,0,0,2,0,6,10,37244,175
383,2018-06-02,Boston Red Sox,Houston Astros,1,32,5,5,0,0,2,5,5,10,0,0,0,0,0,3,0,5,10,38640,221
384,2018-06-03,Boston Red Sox,Houston Astros,1,39,9,15,3,1,2,9,1,13,1,0,0,0,0,1,1,5,10,33431,205
385,2018-06-05,Boston Red Sox,Detroit Tigers,1,32,6,10,0,0,2,5,5,6,0,0,0,1,2,1,0,7,9,34762,161
386,2018-06-06,Boston Red Sox,Detroit Tigers,1,35,7,12,4,0,2,7,0,3,2,0,0,1,1,0,0,6,9,35182,200
387,2018-06-07,Boston Red Sox,Detroit Tigers,0,33,2,7,2,0,1,2,5,8,0,0,0,0,1,0,0,9,10,36556,175
388,2018-06-08,Boston Red Sox,Chicago White Sox,0,30,0,3,2,0,0,0,1,10,0,0,0,1,1,0,0,4,9,36593,144
389,2018-06-09,Boston Red Sox,Chicago White Sox,1,33,4,8,0,0,2,3,2,11,0,0,0,2,1,1,0,7,11,36675,168
390,2018-06-10,Boston Red Sox,Chicago White Sox,0,34,2,7,3,0,0,1,5,9,2,0,0,1,1,2,0,12,10,36998,195
391,2018-06-11,Boston Red Sox,Baltimore Orioles,1,39,2,6,1,0,0,2,4,12,1,0,2,0,1,1,0,8,11,15934,225
392,2018-06-12,Boston Red Sox,Baltimore Orioles,1,32,6,9,0,0,2,5,10,7,1,0,0,0,2,0,0,10,9,21837,238
393,2018-06-13,Boston Red Sox,Baltimore Orioles,1,33,5,9,0,0,2,5,4,8,1,0,1,1,2,0,1,7,9,17217,200
394,2018-06-14,Boston Red Sox,Seattle Mariners,1,34,2,8,2,0,1,2,2,7,0,0,0,1,2,1,0,7,9,30479,176
395,2018-06-15,Boston Red Sox,Seattle Mariners,0,38,6,10,0,0,1,6,5,6,0,0,0,1,0,2,0,10,12,44459,189
396,2018-06-16,Boston Red Sox,Seattle Mariners,0,28,0,2,0,0,0,0,0,12,0,0,0,0,1,0,0,1,11,44151,142
397,2018-06-17,Boston Red Sox,Seattle Mariners,1,38,9,13,1,0,3,9,3,4,0,0,1,0,1,1,0,6,10,46462,195
398,2018-06-19,Boston Red Sox,Minnesota Twins,0,35,2,8,0,0,1,2,4,10,1,0,0,0,0,1,0,11,9,28550,194
399,2018-06-20,Boston Red Sox,Minnesota Twins,0,30,1,4,1,0,0,0,5,5,0,0,0,1,1,0,1,7,9,33153,193
400,2018-06-21,Boston Red Sox,Minnesota Twins,1,42,9,16,4,0,2,9,4,9,1,0,0,0,1,0,0,11,10,32631,178
401,2018-06-22,Boston Red Sox,Seattle Mariners,1,43,14,20,5,1,1,13,3,5,0,0,0,0,0,2,0,8,10,37342,214
402,2018-06-23,Boston Red Sox,Seattle Mariners,0,33,2,6,0,1,0,2,2,7,0,0,0,1,0,0,1,6,10,36051,181
403,2018-06-24,Boston Red Sox,Seattle Mariners,1,30,5,8,2,0,1,5,0,8,0,0,2,0,0,1,0,3,9,36274,149
404,2018-06-26,Boston Red Sox,Los Angeles Angels,1,38,9,14,6,0,4,9,4,5,0,0,0,1,0,0,0,9,12,37366,174
405,2018-06-27,Boston Red Sox,Los Angeles Angels,1,36,9,12,2,0,3,8,5,5,0,0,0,0,0,2,0,8,9,37521,240
406,2018-06-28,Boston Red Sox,Los Angeles Angels,1,29,4,7,2,0,2,4,4,5,0,0,0,0,1,0,0,5,9,36992,186
407,2018-06-29,Boston Red Sox,New York Yankees,0,32,1,6,3,0,0,1,1,8,1,0,0,0,1,2,0,6,9,47120,161
408,2018-06-30,Boston Red Sox,New York Yankees,1,42,11,17,3,0,2,11,3,9,0,0,1,0,0,2,0,8,12,47125,197
409,2018-07-01,Boston Red Sox,New York Yankees,0,31,1,4,1,0,0,1,3,9,0,0,0,0,0,1,0,6,12,46795,194
410,2018-07-02,Boston Red Sox,Washington Nationals,1,32,4,7,1,0,1,4,3,13,2,1,0,0,0,0,1,7,13,39002,195
411,2018-07-03,Boston Red Sox,Washington Nationals,1,36,11,12,2,0,3,11,5,5,0,0,0,0,3,0,0,3,14,42531,175
412,2018-07-04,Boston Red Sox,Washington Nationals,1,34,3,9,3,0,0,2,2,7,1,0,1,0,0,0,0,8,14,42528,203
413,2018-07-06,Boston Red Sox,Kansas City Royals,1,41,10,15,4,0,3,10,2,4,0,0,0,0,1,0,0,6,10,24673,179
414,2018-07-07,Boston Red Sox,Kansas City Royals,1,40,15,16,5,0,1,15,13,8,0,0,1,0,1,3,0,12,11,30347,243
415,2018-07-08,Boston Red Sox,Kansas City Royals,1,35,7,14,2,0,0,7,7,5,0,0,2,1,5,1,0,10,9,28443,205
416,2018-07-09,Boston Red Sox,Texas Rangers,1,33,5,9,2,0,2,5,0,6,0,0,0,0,0,0,0,4,9,36754,172
417,2018-07-10,Boston Red Sox,Texas Rangers,1,32,8,12,6,1,0,8,5,3,0,0,1,0,2,1,0,6,9,36883,176
418,2018-07-11,Boston Red Sox,Texas Rangers,1,33,4,11,1,1,0,3,2,6,0,0,0,1,2,0,0,7,9,36920,178
419,2018-07-12,Boston Red Sox,Toronto Blue Jays,1,32,6,8,2,0,1,6,1,10,1,0,0,0,1,1,0,4,11,37182,199
420,2018-07-13,Boston Red Sox,Toronto Blue Jays,0,40,7,12,3,2,0,6,5,10,0,0,0,1,1,1,0,11,9,37018,223
421,2018-07-14,Boston Red Sox,Toronto Blue Jays,1,37,6,11,2,0,2,6,3,9,0,0,0,1,1,1,0,6,9,36390,212
422,2018-07-15,Boston Red Sox,Toronto Blue Jays,1,27,5,6,2,0,1,5,6,5,1,0,0,1,2,1,0,5,9,36940,192
423,2018-07-20,Boston Red Sox,Detroit Tigers,1,33,1,6,1,0,0,1,4,10,0,0,0,1,0,0,1,9,10,33817,211
424,2018-07-21,Boston Red Sox,Detroit Tigers,0,34,0,8,0,0,0,0,3,8,0,0,0,0,1,1,0,10,9,31682,147
425,2018-07-22,Boston Red Sox,Detroit Tigers,1,35,9,9,2,1,1,9,1,8,0,0,1,0,0,0,0,1,10,25012,175
426,2018-07-23,Boston Red Sox,Baltimore Orioles,1,30,5,7,2,0,1,5,6,3,0,1,0,0,1,1,1,5,9,16885,174
427,2018-07-24,Boston Red Sox,Baltimore Orioles,0,35,6,9,0,0,4,6,2,10,0,0,0,0,1,0,0,4,10,13342,187
428,2018-07-26,Boston Red Sox,Minnesota Twins,0,31,1,5,1,0,0,1,4,8,1,0,0,0,0,0,0,8,9,37439,179
429,2018-07-27,Boston Red Sox,Minnesota Twins,1,35,4,8,1,0,3,4,1,9,1,0,0,0,0,1,0,6,9,37273,206
430,2018-07-28,Boston Red Sox,Minnesota Twins,1,38,10,14,5,2,1,10,6,12,0,0,0,0,0,2,0,10,10,36798,208
431,2018-07-29,Boston Red Sox,Minnesota Twins,1,35,3,10,3,0,0,3,3,10,1,0,0,1,0,0,0,12,10,36785,162
432,2018-07-30,Boston Red Sox,Philadelphia Phillies,1,43,2,7,3,1,0,2,2,8,0,0,0,1,1,2,0,6,11,37722,243
433,2018-07-31,Boston Red Sox,Philadelphia Phillies,0,32,1,6,3,0,0,1,1,9,2,0,0,0,0,1,1,7,10,37816,193
434,2018-08-02,Boston Red Sox,New York Yankees,1,44,15,19,7,0,3,15,6,4,0,0,0,1,0,4,0,11,10,37317,205
435,2018-08-03,Boston Red Sox,New York Yankees,1,30,4,7,3,0,1,4,4,3,0,0,0,0,1,1,0,6,11,37231,135
436,2018-08-04,Boston Red Sox,New York Yankees,1,29,4,6,1,0,2,4,2,8,0,0,0,0,1,0,0,3,9,36699,153
437,2018-08-05,Boston Red Sox,New York Yankees,1,40,5,10,1,0,1,4,6,17,1,0,0,2,0,0,1,13,11,37830,279
438,2018-08-07,Boston Red Sox,Toronto Blue Jays,1,38,10,9,2,1,3,10,5,8,0,0,0,1,2,1,0,3,9,31855,207
439,2018-08-08,Boston Red Sox,Toronto Blue Jays,1,34,10,12,6,0,1,9,8,6,1,0,2,0,2,1,1,8,9,36798,182
440,2018-08-09,Boston Red Sox,Toronto Blue Jays,0,35,5,10,1,1,2,5,4,5,0,0,0,0,1,1,1,7,10,28415,169
441,2018-08-10,Boston Red Sox,Baltimore Orioles,1,41,19,16,5,1,3,18,10,6,1,0,1,0,1,1,0,7,11,23649,241
442,2018-08-11,Boston Red Sox,Baltimore Orioles,1,35,5,9,1,0,3,4,3,5,0,0,0,0,1,1,0,6,9,18003,168
443,2018-08-11,Boston Red Sox,Baltimore Orioles,1,30,6,7,1,1,2,5,6,7,1,0,1,0,1,2,1,5,11,24051,219
444,2018-08-12,Boston Red Sox,Baltimore Orioles,1,35,4,9,3,0,1,3,2,9,0,1,0,0,0,1,0,7,9,25303,184
445,2018-08-14,Boston Red Sox,Philadelphia Phillies,1,32,2,6,2,0,2,2,2,8,0,0,0,1,2,1,0,5,12,33081,160
446,2018-08-15,Boston Red Sox,Philadelphia Phillies,0,35,4,10,1,0,0,4,4,6,1,0,0,1,2,0,1,9,15,35266,207
447,2018-08-17,Boston Red Sox,Tampa Bay Rays,1,35,7,11,5,1,0,6,2,2,0,0,0,0,0,0,0,6,9,37012,167
448,2018-08-18,Boston Red Sox,Tampa Bay Rays,1,27,5,4,2,0,1,4,3,5,0,0,0,1,0,2,1,1,9,36654,148
449,2018-08-19,Boston Red Sox,Tampa Bay Rays,0,28,0,2,1,0,0,0,2,10,0,0,0,1,2,0,0,3,11,37242,167
450,2018-08-20,Boston Red Sox,Cleveland Indians,0,39,4,13,4,0,0,4,3,8,0,0,0,0,0,0,1,11,12,37274,181
451,2018-08-21,Boston Red Sox,Cleveland Indians,0,31,3,5,3,0,0,3,0,9,0,0,1,1,1,0,0,2,11,37188,177
452,2018-08-22,Boston Red Sox,Cleveland Indians,1,38,10,14,2,0,3,10,3,10,0,0,0,1,0,0,1,7,9,37107,204
453,2018-08-23,Boston Red Sox,Cleveland Indians,1,35,7,12,4,0,0,7,6,7,0,0,0,0,0,0,1,10,10,37396,167
454,2018-08-24,Boston Red Sox,Tampa Bay Rays,0,38,3,13,0,0,0,3,3,11,0,0,0,0,2,0,0,11,9,19723,190
455,2018-08-25,Boston Red Sox,Tampa Bay Rays,0,30,1,5,2,0,0,0,1,6,0,0,0,0,1,1,0,3,9,25695,173
456,2018-08-26,Boston Red Sox,Tampa Bay Rays,0,28,1,3,1,0,0,1,2,9,0,0,1,0,0,1,0,3,10,23448,185
457,2018-08-28,Boston Red Sox,Miami Marlins,1,35,8,12,2,0,1,6,6,3,0,0,1,0,2,1,0,8,10,36708,209
458,2018-08-29,Boston Red Sox,Miami Marlins,1,37,14,16,4,1,2,13,3,6,0,1,0,0,2,0,0,3,11,36628,190
459,2018-08-30,Boston Red Sox,Chicago White Sox,1,35,9,9,0,0,2,9,5,11,1,0,1,1,0,0,1,6,10,18015,217
460,2018-08-31,Boston Red Sox,Chicago White Sox,0,30,1,5,1,0,1,1,2,6,2,0,0,0,0,0,2,6,11,23625,173
461,2018-09-01,Boston Red Sox,Chicago White Sox,1,36,6,9,1,1,3,5,2,5,1,0,0,2,2,0,0,6,10,22639,176
462,2018-09-02,Boston Red Sox,Chicago White Sox,0,31,0,5,0,0,0,0,3,12,1,0,0,0,1,2,0,8,16,30745,192
463,2018-09-03,Boston Red Sox,Atlanta Braves,1,36,8,10,5,0,0,8,6,8,0,0,1,1,1,0,0,8,20,40394,220
464,2018-09-04,Boston Red Sox,Atlanta Braves,1,35,5,8,2,0,0,5,9,7,0,0,0,0,0,2,0,12,15,35333,183
465,2018-09-05,Boston Red Sox,Atlanta Braves,1,37,9,11,1,0,1,9,4,8,0,0,1,1,1,0,0,6,21,28386,224
466,2018-09-07,Boston Red Sox,Houston Astros,0,34,3,8,0,0,1,3,4,11,0,0,1,0,0,0,1,9,13,36930,218
467,2018-09-08,Boston Red Sox,Houston Astros,0,36,3,10,2,0,1,3,3,8,0,0,0,0,1,0,0,9,10,36684,205
468,2018-09-09,Boston Red Sox,Houston Astros,1,37,6,14,2,0,1,6,3,5,0,0,1,0,2,0,0,9,14,32787,215
469,2018-09-11,Boston Red Sox,Toronto Blue Jays,1,30,7,7,1,1,1,6,4,6,0,0,0,0,1,1,0,3,12,34747,188
470,2018-09-12,Boston Red Sox,Toronto Blue Jays,1,26,1,4,1,0,0,0,5,6,0,0,0,0,1,3,0,6,9,35178,161
471,2018-09-13,Boston Red Sox,Toronto Blue Jays,1,33,4,9,3,0,2,3,1,7,0,0,1,1,0,3,0,7,12,36427,170
472,2018-09-14,Boston Red Sox,New York Mets,0,30,0,4,0,0,0,0,3,8,0,0,0,0,0,3,0,6,13,37117,179
473,2018-09-15,Boston Red Sox,New York Mets,1,34,5,10,2,0,0,5,4,9,1,0,0,2,2,1,0,10,11,36611,191
474,2018-09-16,Boston Red Sox,New York Mets,1,28,4,6,2,0,1,4,1,13,0,0,2,0,0,1,0,3,10,36526,175
475,2018-09-18,Boston Red Sox,New York Yankees,0,32,2,5,1,1,0,2,4,7,0,0,1,1,1,0,0,8,13,38695,193
476,2018-09-19,Boston Red Sox,New York Yankees,0,35,1,9,1,0,0,1,2,7,0,0,0,0,1,0,0,9,15,43297,197
477,2018-09-20,Boston Red Sox,New York Yankees,1,38,11,13,3,0,3,9,4,12,0,0,1,0,1,1,0,5,13,47351,242
478,2018-09-21,Boston Red Sox,Cleveland Indians,1,35,7,13,1,0,3,7,4,3,0,0,0,0,4,0,0,5,10,27892,214
479,2018-09-22,Boston Red Sox,Cleveland Indians,0,40,4,8,1,0,2,4,6,11,1,0,0,1,0,0,1,10,12,35095,226
480,2018-09-23,Boston Red Sox,Cleveland Indians,0,40,3,8,3,0,1,2,7,7,1,1,0,0,0,0,0,13,12,27879,260
481,2018-09-24,Boston Red Sox,Baltimore Orioles,1,33,6,10,2,0,1,6,5,7,0,0,0,0,1,2,0,8,9,35619,186
482,2018-09-26,Boston Red Sox,Baltimore Orioles,1,45,19,22,9,0,5,19,3,7,0,0,0,0,1,1,0,5,13,33577,190
483,2018-09-26,Boston Red Sox,Baltimore Orioles,0,34,3,6,1,1,0,2,5,6,0,0,0,1,0,1,0,9,9,34445,225
484,2018-09-28,Boston Red Sox,New York Yankees,0,34,6,6,1,0,1,6,7,9,0,0,0,1,0,0,0,8,12,36779,207
485,2018-09-29,Boston Red Sox,New York Yankees,0,37,5,10,4,0,1,5,5,14,1,0,0,0,0,3,0,11,12,36375,220
486,2018-09-30,Boston Red Sox,New York Yankees,1,37,10,13,5,0,2,8,5,11,0,0,0,0,1,0,0,8,17,36201,200
487,2019-03-28,Boston Red Sox,Seattle Mariners,0,38,4,11,3,0,0,4,1,8,0,0,1,2,1,2,0,9,9,45600,214
488,2019-03-29,Boston Red Sox,Seattle Mariners,1,34,7,8,1,0,4,6,3,8,1,0,0,1,2,0,0,4,11,29002,200
489,2019-03-30,Boston Red Sox,Seattle Mariners,0,38,5,9,1,0,0,2,3,11,0,0,0,3,1,1,0,9,11,34933,190
490,2019-03-31,Boston Red Sox,Seattle Mariners,0,37,8,9,3,0,2,8,8,4,0,0,0,1,0,0,0,10,12,33393,219
491,2019-04-01,Boston Red Sox,Oakland Athletics,0,29,0,4,1,0,0,0,2,11,0,0,0,0,1,0,0,4,9,12417,162
492,2019-04-02,Boston Red Sox,Oakland Athletics,0,33,0,7,3,0,0,0,1,9,0,0,0,0,0,3,0,7,10,12721,162
493,2019-04-03,Boston Red Sox,Oakland Athletics,1,36,6,9,2,1,1,6,2,7,1,0,0,0,0,0,1,6,9,14207,201
494,2019-04-04,Boston Red Sox,Oakland Athletics,0,34,3,10,0,0,1,3,5,7,0,1,0,0,1,1,0,10,12,15095,196
495,2019-04-05,Boston Red Sox,Arizona Diamondbacks,0,38,8,12,3,0,2,8,3,5,0,0,0,0,1,0,0,6,13,48338,203
496,2019-04-06,Boston Red Sox,Arizona Diamondbacks,0,30,4,6,1,0,0,4,6,7,0,1,1,0,1,0,0,7,15,35969,199
497,2019-04-07,Boston Red Sox,Arizona Diamondbacks,1,31,1,5,0,0,1,1,2,10,0,0,0,0,1,0,0,5,14,31565,149
498,2019-04-09,Boston Red Sox,Toronto Blue Jays,0,35,5,8,2,0,2,3,3,7,0,0,0,2,1,0,1,6,10,36179,216
499,2019-04-11,Boston Red Sox,Toronto Blue Jays,1,33,7,8,3,0,1,6,8,9,1,0,0,1,0,1,0,10,10,36510,201
500,2019-04-12,Boston Red Sox,Baltimore Orioles,1,33,6,11,3,0,1,5,1,4,0,1,1,0,0,1,0,6,9,33664,175
501,2019-04-13,Boston Red Sox,Baltimore Orioles,0,31,5,6,2,0,1,4,5,6,0,0,0,0,1,0,1,4,11,35823,219
502,2019-04-14,Boston Red Sox,Baltimore Orioles,1,30,4,7,2,0,1,4,1,9,2,0,1,1,1,0,0,6,10,36023,187
503,2019-04-15,Boston Red Sox,Baltimore Orioles,0,29,1,4,1,0,0,1,3,4,0,0,0,0,2,0,0,4,9,35860,197
504,2019-04-16,Boston Red Sox,New York Yankees,0,30,0,3,2,0,0,0,1,12,1,0,0,0,0,0,0,5,9,45008,143
505,2019-04-17,Boston Red Sox,New York Yankees,0,34,3,8,0,0,2,3,2,7,0,0,0,0,1,1,0,6,10,44106,176
506,2019-04-19,Boston Red Sox,Tampa Bay Rays,1,34,6,10,2,0,3,6,2,9,0,0,0,0,3,0,0,3,9,21343,184
507,2019-04-20,Boston Red Sox,Tampa Bay Rays,1,33,6,8,3,0,1,6,4,11,1,0,1,0,1,0,0,6,12,22940,192
508,2019-04-21,Boston Red Sox,Tampa Bay Rays,1,36,4,8,0,0,1,4,8,12,0,1,1,0,1,3,1,9,11,18740,249
509,2019-04-23,Boston Red Sox,Detroit Tigers,0,30,4,5,1,0,2,4,2,6,0,0,0,1,3,0,0,2,12,30015,175
510,2019-04-23,Boston Red Sox,Detroit Tigers,0,34,2,9,0,0,1,2,6,7,2,0,0,0,2,0,0,13,11,30578,209
511,2019-04-24,Boston Red Sox,Detroit Tigers,1,34,11,12,3,0,0,11,10,7,1,0,0,0,0,1,2,10,11,31763,204
512,2019-04-25,Boston Red Sox,Detroit Tigers,1,33,7,10,6,0,1,7,3,6,0,0,0,0,1,0,0,5,10,34165,159
513,2019-04-27,Boston Red Sox,Tampa Bay Rays,0,31,1,5,1,0,1,1,7,11,1,0,0,1,2,0,0,11,10,34773,201
514,2019-04-28,Boston Red Sox,Tampa Bay Rays,0,32,2,7,2,0,1,2,1,10,0,0,1,0,1,0,0,5,9,33823,151
515,2019-04-29,Boston Red Sox,Oakland Athletics,1,35,9,12,3,0,0,9,5,6,0,0,1,2,2,3,0,8,9,30866,203
516,2019-04-30,Boston Red Sox,Oakland Athletics,1,32,5,7,1,0,2,5,3,7,0,0,0,1,0,0,0,6,9,31754,154
517,2019-05-01,Boston Red Sox,Oakland Athletics,1,29,7,9,1,0,2,7,4,5,2,1,2,0,0,1,0,7,9,33708,174
518,2019-05-02,Boston Red Sox,Chicago White Sox,0,33,4,8,0,0,1,4,7,10,0,0,1,0,1,1,0,10,10,15118,213
519,2019-05-03,Boston Red Sox,Chicago White Sox,1,36,6,11,1,0,2,6,6,7,0,0,0,0,1,0,1,9,10,17504,195
520,2019-05-04,Boston Red Sox,Chicago White Sox,1,48,15,21,5,0,4,14,5,8,0,0,0,1,2,0,0,11,12,30068,214
521,2019-05-05,Boston Red Sox,Chicago White Sox,1,33,9,9,1,0,1,9,9,10,0,1,0,0,2,1,0,7,11,36553,213
522,2019-05-06,Boston Red Sox,Baltimore Orioles,0,30,1,3,1,0,0,1,0,6,0,0,1,1,0,0,0,3,9,11042,159
523,2019-05-07,Boston Red Sox,Baltimore Orioles,1,30,8,7,0,0,3,8,8,11,1,1,1,0,1,0,1,6,9,10703,201
524,2019-05-08,Boston Red Sox,Baltimore Orioles,1,43,2,8,0,0,2,2,5,11,0,0,0,1,0,1,1,10,9,12451,241
525,2019-05-10,Boston Red Sox,Seattle Mariners,1,41,14,15,5,0,3,14,3,7,0,0,0,2,0,0,0,6,11,33731,182
526,2019-05-11,Boston Red Sox,Seattle Mariners,1,33,9,10,0,0,2,9,11,8,0,0,0,0,1,1,0,11,9,36024,195
527,2019-05-12,Boston Red Sox,Seattle Mariners,1,34,11,12,3,0,2,9,8,7,0,0,0,1,2,0,1,7,9,33069,203
528,2019-05-14,Boston Red Sox,Colorado Rockies,0,42,4,9,1,0,3,4,4,10,0,0,0,2,1,1,0,9,12,35804,222
529,2019-05-15,Boston Red Sox,Colorado Rockies,1,38,6,13,2,1,1,5,5,8,0,0,0,0,1,0,0,10,10,37032,224
530,2019-05-17,Boston Red Sox,Houston Astros,0,36,1,9,4,0,0,1,2,12,0,0,0,0,0,2,0,10,9,35558,180
531,2019-05-18,Boston Red Sox,Houston Astros,0,31,3,5,1,0,1,2,5,3,0,0,0,0,0,1,0,6,9,36887,211
532,2019-05-19,Boston Red Sox,Houston Astros,1,34,4,11,2,0,1,4,0,3,0,0,0,1,1,0,0,6,10,35796,182
533,2019-05-20,Boston Red Sox,Toronto Blue Jays,1,41,12,16,3,0,4,11,4,6,0,0,1,0,1,1,0,7,9,26794,176
534,2019-05-21,Boston Red Sox,Toronto Blue Jays,0,32,3,7,0,0,3,3,8,10,0,0,0,1,3,0,0,10,9,14407,197
535,2019-05-22,Boston Red Sox,Toronto Blue Jays,1,46,6,10,1,0,3,6,5,9,2,0,0,0,2,1,1,8,9,18285,270
536,2019-05-23,Boston Red Sox,Toronto Blue Jays,1,41,8,15,4,0,1,8,2,7,1,0,0,0,1,1,0,9,9,36526,181
537,2019-05-24,Boston Red Sox,Houston Astros,0,33,3,7,1,0,3,3,3,14,0,0,0,0,1,0,0,6,11,35606,168
538,2019-05-25,Boston Red Sox,Houston Astros,0,35,3,9,2,0,0,3,3,10,1,0,0,0,0,1,0,9,13,40722,208
539,2019-05-26,Boston Red Sox,Houston Astros,1,34,4,6,1,0,1,3,2,8,0,0,1,2,0,3,0,6,9,41502,186
540,2019-05-27,Boston Red Sox,Cleveland Indians,1,37,12,13,4,0,3,11,4,10,1,0,0,0,0,1,0,6,9,37113,212
541,2019-05-28,Boston Red Sox,Cleveland Indians,0,37,5,10,4,1,0,3,2,7,1,0,0,1,0,0,0,8,9,32984,243
542,2019-05-29,Boston Red Sox,Cleveland Indians,0,42,9,14,4,0,4,9,1,12,0,0,0,1,0,0,0,7,10,34824,222
543,2019-05-31,Boston Red Sox,New York Yankees,0,30,1,5,0,0,1,1,3,9,0,0,0,0,1,0,0,5,11,45556,171
544,2019-06-01,Boston Red Sox,New York Yankees,0,36,3,11,1,0,1,3,4,14,0,0,0,0,2,0,0,10,11,46307,198
545,2019-06-02,Boston Red Sox,New York Yankees,1,38,8,13,1,1,2,7,1,8,0,0,0,0,0,0,1,4,11,40068,210
546,2019-06-04,Boston Red Sox,Kansas City Royals,1,36,8,10,4,1,1,8,4,6,0,0,1,0,0,0,0,6,10,13184,188
547,2019-06-05,Boston Red Sox,Kansas City Royals,1,37,8,11,4,0,1,8,5,8,0,0,1,1,1,1,0,8,9,15523,159
548,2019-06-06,Boston Red Sox,Kansas City Royals,1,34,7,9,1,1,1,6,6,8,1,0,0,0,2,2,0,7,10,19928,206
549,2019-06-07,Boston Red Sox,Tampa Bay Rays,0,31,1,4,2,0,0,1,2,7,0,0,0,0,0,0,0,5,11,36803,163
550,2019-06-08,Boston Red Sox,Tampa Bay Rays,0,33,2,6,1,0,1,2,0,8,0,0,0,2,2,0,0,4,10,35564,213
551,2019-06-08,Boston Red Sox,Tampa Bay Rays,1,28,5,6,3,0,0,5,6,10,0,1,1,0,0,0,0,7,9,37048,201
552,2019-06-09,Boston Red Sox,Tampa Bay Rays,0,35,1,8,1,0,0,1,2,12,0,0,0,1,0,0,1,9,9,34643,212
553,2019-06-10,Boston Red Sox,Texas Rangers,0,38,3,9,2,0,1,3,4,9,0,1,0,0,2,1,0,7,13,34422,205
554,2019-06-11,Boston Red Sox,Texas Rangers,0,36,5,9,3,1,2,5,4,12,0,0,0,0,0,0,0,8,10,35121,220
555,2019-06-12,Boston Red Sox,Texas Rangers,1,33,4,10,4,2,0,4,4,11,0,0,0,0,0,1,1,9,11,34330,174
556,2019-06-13,Boston Red Sox,Texas Rangers,1,34,7,9,1,0,5,7,2,8,0,0,0,1,0,0,0,5,10,35841,246
557,2019-06-14,Boston Red Sox,Baltimore Orioles,1,41,13,16,1,0,6,13,7,6,2,0,0,0,2,0,0,10,11,19383,204
558,2019-06-15,Boston Red Sox,Baltimore Orioles,1,38,7,12,1,0,1,5,4,12,0,0,1,1,1,1,0,9,9,30050,199
559,2019-06-16,Boston Red Sox,Baltimore Orioles,1,43,8,14,2,1,2,8,5,6,0,0,0,1,1,1,0,10,10,27964,284
560,2019-06-17,Boston Red Sox,Minnesota Twins,1,33,2,7,2,0,0,2,0,10,0,0,0,0,0,1,0,4,9,27970,163
561,2019-06-18,Boston Red Sox,Minnesota Twins,0,64,3,17,2,0,2,3,2,17,1,1,0,0,2,2,1,14,11,25741,345
562,2019-06-19,Boston Red Sox,Minnesota Twins,1,35,9,12,4,1,0,9,10,6,0,0,1,0,3,0,0,10,10,31835,202
563,2019-06-21,Boston Red Sox,Toronto Blue Jays,1,41,7,14,1,2,1,7,2,13,1,0,1,0,1,0,0,9,12,36911,238
564,2019-06-22,Boston Red Sox,Toronto Blue Jays,0,35,7,9,4,0,1,7,5,8,0,0,0,0,1,1,0,6,10,36712,230
565,2019-06-23,Boston Red Sox,Toronto Blue Jays,0,34,1,7,1,0,0,0,1,10,1,0,0,1,0,0,0,8,10,36495,184
566,2019-06-24,Boston Red Sox,Chicago White Sox,1,36,6,12,5,0,2,6,7,9,0,0,0,0,0,1,1,11,11,36117,216
567,2019-06-25,Boston Red Sox,Chicago White Sox,1,32,6,10,3,0,1,6,1,7,1,0,1,0,1,0,0,5,9,34740,204
568,2019-06-26,Boston Red Sox,Chicago White Sox,0,42,7,15,4,0,1,6,2,4,0,0,0,0,1,0,0,10,14,36823,219
569,2019-06-29,Boston Red Sox,New York Yankees,0,43,13,18,3,0,3,12,6,5,0,0,1,0,1,0,0,10,13,59659,282
570,2019-06-30,Boston Red Sox,New York Yankees,0,40,8,15,3,0,3,8,1,8,0,0,0,0,2,0,0,7,10,59059,264
571,2019-07-02,Boston Red Sox,Toronto Blue Jays,1,41,10,15,3,0,3,10,2,8,0,0,0,0,1,1,0,6,9,18415,198
572,2019-07-03,Boston Red Sox,Toronto Blue Jays,0,34,3,8,3,0,1,3,1,9,0,0,0,0,1,0,0,5,10,16883,181
573,2019-07-04,Boston Red Sox,Toronto Blue Jays,1,35,8,8,0,0,3,8,4,7,0,0,0,0,0,0,0,4,12,22217,215
574,2019-07-05,Boston Red Sox,Detroit Tigers,1,40,9,14,3,0,2,8,4,6,0,0,1,1,1,0,0,9,9,27181,202
575,2019-07-06,Boston Red Sox,Detroit Tigers,1,42,10,17,3,2,0,9,4,6,0,1,2,2,1,1,0,12,10,28114,231
576,2019-07-07,Boston Red Sox,Detroit Tigers,1,36,6,9,2,0,1,5,2,8,0,0,0,1,0,1,0,5,9,23187,210
577,2019-07-12,Boston Red Sox,Los Angeles Dodgers,1,31,8,8,4,0,3,8,3,8,0,0,1,0,1,0,0,3,9,36579,172
578,2019-07-13,Boston Red Sox,Los Angeles Dodgers,0,32,2,6,0,0,1,2,1,10,0,0,0,0,0,2,1,4,12,36607,220
579,2019-07-14,Boston Red Sox,Los Angeles Dodgers,0,46,4,11,2,0,2,3,6,15,0,1,0,1,0,1,0,13,11,36700,340
580,2019-07-15,Boston Red Sox,Toronto Blue Jays,1,36,10,13,5,0,1,10,8,8,0,0,0,0,0,0,0,10,9,35616,208
581,2019-07-16,Boston Red Sox,Toronto Blue Jays,0,34,4,9,3,0,1,4,7,6,0,0,0,0,2,0,0,10,11,36341,225
582,2019-07-17,Boston Red Sox,Toronto Blue Jays,1,36,5,14,3,0,1,5,3,6,1,0,0,0,1,0,0,11,9,34853,215
583,2019-07-18,Boston Red Sox,Toronto Blue Jays,1,31,5,7,1,0,2,5,5,9,0,0,0,0,0,0,0,7,10,35357,170
584,2019-07-19,Boston Red Sox,Baltimore Orioles,0,34,2,7,0,0,1,2,2,6,0,0,0,0,0,0,0,7,10,18243,187
585,2019-07-20,Boston Red Sox,Baltimore Orioles,1,44,17,17,3,1,5,17,5,7,1,0,0,1,1,0,0,6,12,21339,209
586,2019-07-21,Boston Red Sox,Baltimore Orioles,0,27,0,1,1,0,0,0,3,12,1,0,0,0,1,1,0,4,10,18173,164
587,2019-07-22,Boston Red Sox,Tampa Bay Rays,1,39,9,12,5,0,3,9,3,3,0,0,0,0,0,0,0,6,9,10966,200
588,2019-07-23,Boston Red Sox,Tampa Bay Rays,1,36,5,10,0,0,1,4,2,7,1,0,0,0,0,0,1,7,11,15876,199
589,2019-07-24,Boston Red Sox,Tampa Bay Rays,0,32,2,5,1,0,0,2,0,13,0,0,0,0,0,0,0,3,10,24161,191
590,2019-07-25,Boston Red Sox,New York Yankees,1,46,19,23,10,0,4,19,5,6,0,0,0,0,0,0,0,8,12,37591,208
591,2019-07-26,Boston Red Sox,New York Yankees,1,38,10,14,6,1,4,10,0,11,0,0,0,0,0,0,0,4,9,37095,196
592,2019-07-27,Boston Red Sox,New York Yankees,1,36,9,15,5,1,2,9,1,7,0,0,2,0,0,1,0,6,10,36862,214
593,2019-07-28,Boston Red Sox,New York Yankees,0,37,6,10,2,0,1,6,4,14,0,0,1,1,0,0,0,9,12,37429,208
594,2019-07-30,Boston Red Sox,Tampa Bay Rays,0,39,5,13,3,0,1,5,4,6,0,0,0,0,1,0,0,11,10,36412,245
595,2019-07-31,Boston Red Sox,Tampa Bay Rays,0,39,5,12,1,0,2,5,1,11,0,0,1,1,0,0,0,9,9,33046,230
596,2019-08-01,Boston Red Sox,Tampa Bay Rays,0,37,4,10,4,0,3,4,1,13,0,0,0,0,0,0,0,7,9,37225,200
597,2019-08-02,Boston Red Sox,New York Yankees,0,30,2,3,0,0,1,2,3,8,0,0,0,0,0,0,0,4,9,46932,161
598,2019-08-03,Boston Red Sox,New York Yankees,0,32,2,5,0,0,2,2,0,10,0,0,0,0,0,0,0,3,12,46625,160
599,2019-08-03,Boston Red Sox,New York Yankees,0,34,4,8,2,0,1,4,8,10,0,0,0,0,0,1,0,11,10,48101,242
600,2019-08-04,Boston Red Sox,New York Yankees,0,32,4,7,0,0,2,4,3,6,1,0,0,0,2,0,0,5,10,47267,198
601,2019-08-05,Boston Red Sox,Kansas City Royals,1,33,7,10,2,0,2,6,4,8,0,0,0,1,1,0,0,6,10,33636,176
602,2019-08-06,Boston Red Sox,Kansas City Royals,0,36,2,9,3,0,0,2,1,5,0,0,0,0,0,0,0,8,9,36360,168
603,2019-08-07,Boston Red Sox,Kansas City Royals,1,39,5,12,2,0,1,5,5,12,0,0,0,0,0,0,0,11,11,32453,228
604,2019-08-08,Boston Red Sox,Los Angeles Angels,1,28,3,5,1,0,2,3,1,10,0,0,0,0,1,0,0,2,9,34744,136
605,2019-08-09,Boston Red Sox,Los Angeles Angels,1,39,16,14,5,0,5,15,4,6,1,0,0,2,1,0,0,4,12,36650,213
606,2019-08-10,Boston Red Sox,Los Angeles Angels,0,36,4,9,3,1,1,4,3,8,2,0,1,1,0,0,0,11,9,36390,208
607,2019-08-11,Boston Red Sox,Los Angeles Angels,0,36,4,8,1,0,1,3,7,11,0,0,0,0,0,0,2,9,12,36709,242
608,2019-08-12,Boston Red Sox,Cleveland Indians,0,37,5,12,4,0,2,5,4,6,0,0,0,0,1,1,0,9,10,24770,214
609,2019-08-13,Boston Red Sox,Cleveland Indians,1,43,7,17,4,1,1,7,4,10,1,0,0,0,1,0,1,11,10,26662,247
610,2019-08-14,Boston Red Sox,Cleveland Indians,1,38,5,12,2,0,3,5,2,11,0,0,0,0,0,0,1,8,9,29535,198
611,2019-08-16,Boston Red Sox,Baltimore Orioles,1,31,9,12,6,2,1,9,3,3,1,1,2,0,2,0,0,5,11,37213,161
612,2019-08-17,Boston Red Sox,Baltimore Orioles,1,30,4,7,2,1,2,3,4,8,0,0,0,0,1,0,0,6,10,36744,191
613,2019-08-18,Boston Red Sox,Baltimore Orioles,1,39,13,16,6,0,2,12,5,10,0,0,1,0,0,0,0,8,11,36350,218
614,2019-08-20,Boston Red Sox,Philadelphia Phillies,0,31,2,6,2,0,1,2,1,8,0,0,0,0,1,1,0,3,12,37712,197
615,2019-08-21,Boston Red Sox,Philadelphia Phillies,0,33,2,8,4,0,1,2,4,10,0,1,0,1,1,0,1,9,10,37077,219
616,2019-08-23,Boston Red Sox,San Diego Padres,1,40,11,14,3,0,2,11,2,3,0,1,2,2,0,0,0,7,14,42904,184
617,2019-08-24,Boston Red Sox,San Diego Padres,1,35,5,10,2,0,1,5,5,9,1,0,0,1,2,0,1,9,18,42625,228
618,2019-08-25,Boston Red Sox,San Diego Padres,0,31,1,4,0,0,1,1,3,9,0,0,0,1,1,0,0,6,15,38026,174
619,2019-08-27,Boston Red Sox,Colorado Rockies,1,35,10,10,3,0,3,9,8,4,0,0,0,1,4,0,0,6,15,44101,212
620,2019-08-28,Boston Red Sox,Colorado Rockies,1,39,7,12,2,1,4,7,3,7,0,0,0,1,0,0,0,8,15,40801,228
621,2019-08-30,Boston Red Sox,Los Angeles Angels,1,49,7,8,1,0,3,7,3,13,3,0,1,1,2,0,1,4,12,39788,323
622,2019-08-31,Boston Red Sox,Los Angeles Angels,0,34,4,9,4,0,0,4,3,6,1,2,1,2,1,1,0,10,12,43036,217
623,2019-09-01,Boston Red Sox,Los Angeles Angels,1,33,4,8,1,0,2,4,4,10,0,0,0,0,2,0,0,6,11,39382,201
624,2019-09-03,Boston Red Sox,Minnesota Twins,0,32,5,6,2,0,2,5,4,12,1,1,0,0,0,0,0,6,12,35129,208
625,2019-09-04,Boston Red Sox,Minnesota Twins,1,33,6,9,1,0,2,6,4,7,0,0,0,0,0,0,0,7,9,35218,202
626,2019-09-05,Boston Red Sox,Minnesota Twins,0,29,1,4,2,0,1,1,2,4,0,0,0,0,1,0,0,3,11,32632,178
627,2019-09-06,Boston Red Sox,New York Yankees,1,28,6,6,2,0,1,6,7,8,0,0,0,0,1,0,1,5,9,36162,188
628,2019-09-07,Boston Red Sox,New York Yankees,0,31,1,5,0,0,1,1,1,9,0,0,0,0,1,0,0,4,10,36619,209
629,2019-09-08,Boston Red Sox,New York Yankees,0,34,5,9,2,0,2,5,0,9,0,0,0,0,2,0,0,2,9,35681,228
630,2019-09-09,Boston Red Sox,New York Yankees,0,34,0,7,1,0,0,0,3,10,0,0,0,0,0,0,0,10,11,35884,205
631,2019-09-10,Boston Red Sox,Toronto Blue Jays,0,34,3,8,2,0,1,3,4,6,0,0,0,0,0,2,0,8,11,17819,217
632,2019-09-11,Boston Red Sox,Toronto Blue Jays,0,30,0,2,0,0,0,0,1,9,0,0,0,1,0,1,0,4,13,14463,169
633,2019-09-12,Boston Red Sox,Toronto Blue Jays,1,38,7,12,4,0,0,7,2,8,0,0,0,0,1,1,0,6,9,17420,212
634,2019-09-14,Boston Red Sox,Philadelphia Phillies,1,30,2,6,1,0,0,2,5,10,0,1,1,0,0,0,1,8,15,40688,201
635,2019-09-15,Boston Red Sox,Philadelphia Phillies,1,33,6,6,0,0,2,6,2,10,2,0,1,0,0,0,0,5,16,39061,177
636,2019-09-17,Boston Red Sox,San Francisco Giants,0,57,6,14,2,1,1,5,10,14,0,1,0,0,1,1,0,17,14,35925,354
637,2019-09-18,Boston Red Sox,San Francisco Giants,0,31,3,6,0,0,2,3,4,3,0,0,0,0,2,0,0,5,11,35697,214
638,2019-09-19,Boston Red Sox,San Francisco Giants,1,36,5,10,3,0,0,5,3,9,0,0,0,2,0,0,0,10,9,35816,197
639,2019-09-20,Boston Red Sox,Tampa Bay Rays,0,40,4,7,1,1,2,4,3,15,0,0,0,0,0,0,0,6,12,17117,238
640,2019-09-21,Boston Red Sox,Tampa Bay Rays,0,40,4,7,1,0,3,4,2,16,0,0,0,0,0,0,0,5,12,18179,237
641,2019-09-22,Boston Red Sox,Tampa Bay Rays,1,39,7,11,1,0,1,5,4,10,2,0,0,1,0,0,0,11,10,17946,212
642,2019-09-23,Boston Red Sox,Tampa Bay Rays,0,37,4,10,3,0,0,4,5,11,0,0,0,0,0,2,0,11,12,8779,209
643,2019-09-24,Boston Red Sox,Texas Rangers,1,39,12,14,3,0,1,10,4,6,0,0,2,2,1,0,1,6,10,23341,239
644,2019-09-25,Boston Red Sox,Texas Rangers,1,38,10,12,1,0,3,10,4,10,0,0,1,1,0,0,1,6,12,29290,198
645,2019-09-26,Boston Red Sox,Texas Rangers,0,35,5,10,1,0,2,5,2,10,0,0,0,0,1,2,1,5,10,24612,182
646,2019-09-27,Boston Red Sox,Baltimore Orioles,0,30,1,6,3,0,0,1,1,12,1,0,0,0,0,0,0,4,10,34533,182
647,2019-09-28,Boston Red Sox,Baltimore Orioles,0,35,4,9,0,0,2,4,5,7,0,0,0,0,2,0,0,9,10,36414,217
648,2019-09-29,Boston Red Sox,Baltimore Orioles,1,34,5,12,1,1,0,3,3,7,1,0,0,0,1,1,0,9,12,35427,202
649,2020-07-24,Boston Red Sox,Baltimore Orioles,1,40,13,17,8,0,0,13,7,9,0,0,0,0,0,0,0,10,12,,198
650,2020-07-25,Boston Red Sox,Baltimore Orioles,0,37,2,9,0,0,1,2,0,11,2,0,0,0,0,0,0,10,10,,181
651,2020-07-26,Boston Red Sox,Baltimore Orioles,0,34,4,7,1,0,2,4,0,6,0,0,0,1,1,0,0,3,10,,193
652,2020-07-27,Boston Red Sox,New York Mets,0,34,4,8,1,0,2,4,2,5,0,0,0,0,1,1,0,5,9,,191
653,2020-07-28,Boston Red Sox,New York Mets,0,34,3,9,4,0,0,2,2,6,0,0,0,1,2,0,0,6,10,,178
654,2020-07-29,Boston Red Sox,New York Mets,1,33,6,8,4,0,1,5,4,8,0,1,0,0,0,0,1,5,12,,224
655,2020-07-30,Boston Red Sox,New York Mets,1,34,4,9,0,0,2,4,4,9,1,0,0,0,0,0,1,8,10,,229
656,2020-07-31,Boston Red Sox,New York Yankees,0,30,1,5,0,0,1,1,2,9,1,0,0,0,2,0,0,5,9,,188
657,2020-08-01,Boston Red Sox,New York Yankees,0,33,2,6,1,0,0,1,4,12,0,0,0,0,0,0,0,8,9,,187
658,2020-08-02,Boston Red Sox,New York Yankees,0,37,7,10,3,0,3,6,1,11,0,0,0,0,0,0,0,4,11,,192
659,2020-08-04,Boston Red Sox,Tampa Bay Rays,0,36,1,8,2,0,1,1,1,10,0,0,0,1,0,0,0,9,11,,194
660,2020-08-05,Boston Red Sox,Tampa Bay Rays,1,36,5,10,2,0,2,5,1,11,2,0,0,0,1,0,0,7,10,,185
661,2020-08-07,Boston Red Sox,Toronto Blue Jays,1,29,5,6,1,0,3,5,9,11,0,0,0,0,1,1,0,9,9,,213
662,2020-08-08,Boston Red Sox,Toronto Blue Jays,0,31,1,4,0,0,0,1,4,8,0,0,0,2,2,1,0,7,10,,198
663,2020-08-09,Boston Red Sox,Toronto Blue Jays,1,30,5,4,0,0,3,4,1,12,0,1,0,0,1,0,0,1,11,,166
664,2020-08-10,Boston Red Sox,Tampa Bay Rays,0,37,7,12,2,0,1,7,4,7,0,0,0,0,2,0,0,7,12,,264
665,2020-08-11,Boston Red Sox,Tampa Bay Rays,0,32,2,9,1,1,0,2,1,9,2,0,0,0,2,0,1,6,11,,205
666,2020-08-12,Boston Red Sox,Tampa Bay Rays,0,38,5,12,0,0,1,5,0,10,0,0,0,0,1,1,0,6,11,,178
667,2020-08-13,Boston Red Sox,Tampa Bay Rays,0,39,8,13,7,1,0,8,3,11,1,0,0,0,1,0,0,8,12,,224
668,2020-08-14,Boston Red Sox,New York Yankees,0,33,3,7,1,0,1,3,2,12,0,0,0,0,0,0,1,5,9,,215
669,2020-08-15,Boston Red Sox,New York Yankees,0,37,5,11,1,1,2,5,1,5,0,0,0,0,0,0,0,6,9,,185
670,2020-08-16,Boston Red Sox,New York Yankees,0,31,2,5,2,0,1,1,4,8,0,0,0,1,2,1,0,6,11,,186
671,2020-08-17,Boston Red Sox,New York Yankees,0,35,3,8,2,1,0,3,2,9,1,0,0,2,2,0,0,8,10,,166
672,2020-08-18,Boston Red Sox,Philadelphia Phillies,0,36,6,11,4,0,0,6,6,15,0,0,1,0,0,0,0,10,11,,246
673,2020-08-19,Boston Red Sox,Philadelphia Phillies,1,30,6,9,5,0,1,5,7,10,0,0,1,1,2,1,0,8,9,,216
674,2020-08-20,Boston Red Sox,Baltimore Orioles,1,39,7,12,0,0,2,7,4,9,0,0,0,0,0,0,0,9,9,,206
675,2020-08-21,Boston Red Sox,Baltimore Orioles,1,35,8,9,1,0,3,8,2,5,1,0,0,0,1,0,0,3,9,,184
676,2020-08-22,Boston Red Sox,Baltimore Orioles,0,37,4,8,3,0,1,4,6,7,0,0,0,0,1,0,0,9,9,,216
677,2020-08-23,Boston Red Sox,Baltimore Orioles,0,33,4,6,1,0,2,4,4,7,0,0,0,0,0,2,0,6,10,,197
678,2020-08-25,Boston Red Sox,Toronto Blue Jays,1,38,9,13,3,1,0,9,3,6,1,0,1,0,0,0,1,7,9,,222
679,2020-08-26,Boston Red Sox,Toronto Blue Jays,0,29,1,3,1,0,1,1,3,7,0,0,0,0,1,0,0,4,9,,178
680,2020-08-28,Boston Red Sox,Washington Nationals,0,36,2,10,2,0,0,2,1,13,0,0,0,0,0,0,0,8,11,,201
681,2020-08-29,Boston Red Sox,Washington Nationals,1,32,5,9,2,1,2,5,0,7,0,0,0,0,1,2,0,3,9,,205
682,2020-08-30,Boston Red Sox,Washington Nationals,1,39,9,15,4,0,4,9,3,7,1,0,0,1,1,1,0,10,10,,206
683,2020-08-31,Boston Red Sox,Atlanta Braves,0,34,3,8,4,0,0,2,2,11,0,0,0,0,1,0,0,6,9,,199
684,2020-09-01,Boston Red Sox,Atlanta Braves,0,34,3,8,2,0,0,3,2,10,1,0,0,0,1,0,0,7,9,,185
685,2020-09-02,Boston Red Sox,Atlanta Braves,0,33,5,7,3,0,1,5,3,12,0,0,1,0,0,1,0,5,9,,181
686,2020-09-03,Boston Red Sox,Toronto Blue Jays,0,38,2,9,1,0,1,2,5,11,0,0,0,0,1,1,0,11,10,,242
687,2020-09-04,Boston Red Sox,Toronto Blue Jays,0,31,7,11,4,0,1,6,2,8,0,0,0,0,1,0,0,5,9,,162
688,2020-09-04,Boston Red Sox,Toronto Blue Jays,1,27,3,7,2,0,0,2,4,8,0,0,0,0,1,0,0,7,9,,169
689,2020-09-05,Boston Red Sox,Toronto Blue Jays,1,39,9,15,2,0,5,9,3,6,0,0,0,0,1,1,0,8,10,,221
690,2020-09-06,Boston Red Sox,Toronto Blue Jays,0,35,8,10,0,0,4,8,7,10,1,0,1,0,0,1,0,9,13,,263
691,2020-09-08,Boston Red Sox,Philadelphia Phillies,0,31,5,11,1,0,4,5,2,7,1,0,0,0,1,0,0,8,9,,169
692,2020-09-08,Boston Red Sox,Philadelphia Phillies,1,31,5,10,1,0,1,5,3,11,0,0,0,0,0,0,0,8,9,,156
693,2020-09-10,Boston Red Sox,Tampa Bay Rays,1,34,4,8,0,0,2,4,3,13,0,0,0,0,1,0,0,6,9,,202
694,2020-09-11,Boston Red Sox,Tampa Bay Rays,0,35,1,11,3,0,0,1,2,6,0,0,0,0,3,0,1,9,11,,217
695,2020-09-12,Boston Red Sox,Tampa Bay Rays,0,34,4,7,1,0,2,4,1,10,0,0,0,0,0,6,0,4,9,,157
696,2020-09-13,Boston Red Sox,Tampa Bay Rays,1,37,6,11,2,0,2,6,2,6,1,0,0,0,1,1,0,7,9,,191
697,2020-09-15,Boston Red Sox,Miami Marlins,1,33,2,7,2,0,0,2,4,9,0,0,0,0,1,0,0,8,9,,185
698,2020-09-16,Boston Red Sox,Miami Marlins,0,36,4,10,3,0,1,4,4,12,1,0,1,0,0,1,0,11,9,,215
699,2020-09-17,Boston Red Sox,Miami Marlins,1,34,5,10,0,0,1,5,3,11,0,0,0,0,2,0,1,5,10,,189
700,2020-09-18,Boston Red Sox,New York Yankees,0,47,5,10,2,0,1,5,5,15,0,1,0,2,1,6,0,12,10,,295
701,2020-09-19,Boston Red Sox,New York Yankees,0,32,0,5,2,0,0,0,0,9,0,0,0,0,1,0,0,5,10,,179
702,2020-09-20,Boston Red Sox,New York Yankees,1,36,10,14,3,0,4,10,4,3,1,0,1,0,0,0,1,8,9,,202
703,2020-09-22,Boston Red Sox,Baltimore Orioles,1,37,8,14,4,0,1,7,4,8,0,0,1,3,2,1,0,10,9,,211
704,2020-09-23,Boston Red Sox,Baltimore Orioles,1,35,9,10,4,1,0,8,5,10,0,0,0,0,0,0,0,7,10,,184
705,2020-09-24,Boston Red Sox,Baltimore Orioles,0,30,1,7,0,0,0,0,2,7,1,0,0,1,4,0,1,5,13,,194
706,2020-09-25,Boston Red Sox,Atlanta Braves,0,38,7,7,0,0,1,6,7,7,0,1,1,0,0,0,0,7,12,,239
707,2020-09-26,Boston Red Sox,Atlanta Braves,1,36,8,8,1,0,2,8,6,12,0,0,0,1,0,1,0,7,9,,202
708,2020-09-27,Boston Red Sox,Atlanta Braves,1,42,9,15,2,0,4,9,4,11,1,0,0,0,0,0,0,11,10,,203
709,2021-04-02,Boston Red Sox,Baltimore Orioles,0,29,0,2,1,0,0,0,2,8,0,0,0,1,0,0,0,4,9,4452,190
710,2021-04-03,Boston Red Sox,Baltimore Orioles,0,33,2,7,1,0,0,2,2,8,1,0,1,0,0,1,0,8,10,4571,171
711,2021-04-04,Boston Red Sox,Baltimore Orioles,0,32,3,6,2,0,1,3,2,8,0,0,1,0,0,0,0,5,10,4458,208
712,2021-04-05,Boston Red Sox,Tampa Bay Rays,1,36,11,16,4,0,1,10,3,8,0,0,2,0,2,0,0,6,9,4577,206
713,2021-04-06,Boston Red Sox,Tampa Bay Rays,1,44,6,10,6,0,1,5,3,15,1,0,0,0,0,2,0,7,10,4682,265
714,2021-04-07,Boston Red Sox,Tampa Bay Rays,1,35,9,13,2,0,1,7,1,4,1,0,0,1,3,0,0,4,10,4751,171
715,2021-04-08,Boston Red Sox,Baltimore Orioles,1,38,7,12,5,0,2,7,3,10,1,0,0,0,0,2,0,8,9,10150,188
716,2021-04-10,Boston Red Sox,Baltimore Orioles,1,38,6,10,2,0,1,4,4,6,0,0,0,0,0,0,1,6,12,9307,214
717,2021-04-11,Boston Red Sox,Baltimore Orioles,1,44,14,17,2,0,6,13,3,11,3,0,0,1,2,0,0,9,10,8171,226
718,2021-04-13,Boston Red Sox,Minnesota Twins,1,32,4,7,3,0,2,4,2,5,0,0,0,0,2,0,0,3,9,6724,197
719,2021-04-14,Boston Red Sox,Minnesota Twins,1,32,3,11,3,0,0,2,3,7,0,1,0,0,0,0,0,12,10,,160
720,2021-04-14,Boston Red Sox,Minnesota Twins,1,27,7,8,1,0,1,6,5,11,0,0,0,0,1,0,0,4,10,7074,151
721,2021-04-15,Boston Red Sox,Minnesota Twins,0,30,3,4,2,0,0,3,4,10,1,0,0,0,1,1,0,5,10,7925,205
722,2021-04-17,Boston Red Sox,Chicago White Sox,1,34,7,13,3,0,1,7,6,11,0,0,2,0,1,0,0,11,9,4668,216
723,2021-04-18,Boston Red Sox,Chicago White Sox,0,26,2,8,1,0,1,2,0,3,0,0,0,0,2,0,1,3,9,4679,124
724,2021-04-18,Boston Red Sox,Chicago White Sox,0,25,1,4,1,0,0,1,1,8,0,0,0,0,0,0,0,4,10,4601,144
725,2021-04-19,Boston Red Sox,Chicago White Sox,1,38,11,16,1,0,3,9,6,8,1,0,1,1,0,1,0,11,9,4738,195
726,2021-04-20,Boston Red Sox,Toronto Blue Jays,1,33,4,9,3,1,1,4,0,5,0,0,0,1,1,0,0,5,10,4728,162
727,2021-04-21,Boston Red Sox,Toronto Blue Jays,0,36,3,10,5,0,1,3,3,10,0,0,0,1,2,0,0,9,10,4661,225
728,2021-04-22,Boston Red Sox,Seattle Mariners,0,38,3,8,0,2,1,2,2,11,1,0,0,0,0,3,0,8,9,4617,208
729,2021-04-23,Boston Red Sox,Seattle Mariners,1,35,6,11,0,0,2,4,3,7,0,0,0,1,1,0,0,8,9,4646,208
730,2021-04-24,Boston Red Sox,Seattle Mariners,0,31,2,6,3,0,0,2,1,9,1,0,0,0,2,0,0,4,9,4621,185
731,2021-04-25,Boston Red Sox,Seattle Mariners,1,26,5,5,3,0,0,5,7,6,1,0,0,0,2,0,0,5,9,4510,164
732,2021-04-27,Boston Red Sox,New York Mets,1,29,2,5,2,0,1,2,2,8,0,0,0,0,2,0,0,2,13,7917,158
733,2021-04-28,Boston Red Sox,New York Mets,1,30,1,4,3,0,0,1,1,15,0,0,0,0,1,0,0,3,14,8051,176
734,2021-04-29,Boston Red Sox,Texas Rangers,0,30,1,3,2,0,0,1,3,6,0,0,0,0,0,0,0,6,10,23640,169
735,2021-04-30,Boston Red Sox,Texas Rangers,1,34,6,6,0,0,4,6,3,6,1,0,0,1,0,0,0,5,9,28267,165
736,2021-05-01,Boston Red Sox,Texas Rangers,0,38,6,12,2,0,1,6,4,12,0,0,1,0,0,2,0,10,10,35129,199
737,2021-05-02,Boston Red Sox,Texas Rangers,0,32,3,9,2,0,1,3,1,7,1,1,0,0,2,0,1,5,9,29190,177
738,2021-05-04,Boston Red Sox,Detroit Tigers,1,38,11,14,2,0,4,10,3,6,0,0,0,0,1,0,0,6,9,4677,218
739,2021-05-05,Boston Red Sox,Detroit Tigers,0,39,5,9,1,0,1,5,6,8,1,0,0,0,0,0,0,11,11,4661,227
740,2021-05-06,Boston Red Sox,Detroit Tigers,1,43,12,16,4,0,0,11,3,8,2,0,0,4,0,0,1,12,12,4734,253
741,2021-05-07,Boston Red Sox,Baltimore Orioles,1,35,6,7,3,0,1,6,3,6,1,0,0,1,0,3,0,6,9,7724,205
742,2021-05-08,Boston Red Sox,Baltimore Orioles,1,42,11,14,1,0,2,10,5,11,0,0,0,1,0,0,0,9,11,10598,205
743,2021-05-09,Boston Red Sox,Baltimore Orioles,1,35,4,8,2,0,2,4,3,7,0,0,0,1,0,0,0,7,10,10274,177
744,2021-05-10,Boston Red Sox,Baltimore Orioles,0,30,1,4,2,0,0,1,0,11,1,0,1,0,0,0,0,4,9,6826,165
745,2021-05-11,Boston Red Sox,Oakland Athletics,0,30,2,4,0,0,1,2,2,11,0,0,1,0,0,0,0,4,9,9264,181
746,2021-05-12,Boston Red Sox,Oakland Athletics,0,32,1,5,4,0,0,1,4,10,0,0,0,0,0,0,0,8,10,9272,179
747,2021-05-13,Boston Red Sox,Oakland Athletics,1,35,8,13,3,0,2,6,3,6,0,0,0,0,2,0,0,6,9,9301,174
748,2021-05-14,Boston Red Sox,Los Angeles Angels,1,31,4,9,0,0,2,4,2,9,0,0,0,0,1,1,1,5,9,9284,165
749,2021-05-15,Boston Red Sox,Los Angeles Angels,1,35,9,12,5,0,3,9,2,4,0,0,0,0,1,0,0,4,11,9374,172
750,2021-05-16,Boston Red Sox,Los Angeles Angels,0,35,5,9,2,0,2,5,2,14,0,0,0,0,1,0,0,5,11,9316,199
751,2021-05-18,Boston Red Sox,Toronto Blue Jays,0,33,0,5,1,0,0,0,2,11,0,0,0,2,0,0,0,8,9,1566,196
752,2021-05-19,Boston Red Sox,Toronto Blue Jays,1,39,7,13,4,0,4,7,0,11,0,0,0,0,1,0,0,5,9,1581,187
753,2021-05-20,Boston Red Sox,Toronto Blue Jays,1,39,8,14,1,0,2,8,3,8,0,0,0,0,2,3,0,7,10,1562,205
754,2021-05-21,Boston Red Sox,Philadelphia Phillies,1,41,11,13,4,0,2,10,2,17,0,0,0,1,0,1,0,5,14,15279,215
755,2021-05-22,Boston Red Sox,Philadelphia Phillies,1,33,4,7,1,0,2,4,5,11,1,0,1,0,0,1,0,9,17,15424,220
756,2021-05-23,Boston Red Sox,Philadelphia Phillies,0,31,2,4,0,0,2,2,2,12,1,0,0,0,0,0,0,5,15,15360,199
757,2021-05-25,Boston Red Sox,Atlanta Braves,0,29,1,4,0,1,0,1,3,12,1,0,0,0,1,0,0,5,10,9357,186
758,2021-05-26,Boston Red Sox,Atlanta Braves,1,32,9,7,2,0,2,9,3,7,0,0,1,1,0,1,0,3,10,9197,176
759,2021-05-28,Boston Red Sox,Miami Marlins,1,21,5,5,3,0,1,5,2,6,0,0,0,1,0,0,0,3,9,9005,127
760,2021-05-29,Boston Red Sox,Miami Marlins,1,35,3,12,5,0,0,3,0,6,0,0,0,0,0,0,0,8,9,25089,197
761,2021-05-31,Boston Red Sox,Houston Astros,0,32,2,5,4,0,1,2,1,12,0,0,0,0,0,0,0,4,12,28543,195
762,2021-06-01,Boston Red Sox,Houston Astros,0,32,1,5,1,0,0,1,1,9,0,0,0,0,0,1,0,5,9,23449,203
763,2021-06-02,Boston Red Sox,Houston Astros,0,34,1,7,0,0,0,1,2,11,0,0,0,0,0,0,0,8,10,22664,177
764,2021-06-03,Boston Red Sox,Houston Astros,1,34,5,8,4,0,1,5,7,12,0,0,0,0,0,0,1,9,9,24853,187
765,2021-06-04,Boston Red Sox,New York Yankees,1,36,5,9,3,0,1,5,0,10,0,0,0,0,0,0,0,4,9,18040,169
766,2021-06-05,Boston Red Sox,New York Yankees,1,38,7,13,5,0,1,7,2,7,0,0,0,0,0,0,0,6,9,20019,194
767,2021-06-06,Boston Red Sox,New York Yankees,1,34,6,6,1,0,2,6,4,6,0,1,1,1,0,0,0,4,10,19103,229
768,2021-06-07,Boston Red Sox,Miami Marlins,1,33,5,10,2,0,0,3,3,6,0,0,0,0,0,0,0,7,9,25374,218
769,2021-06-08,Boston Red Sox,Houston Astros,0,33,1,6,1,0,0,1,1,12,2,0,0,0,0,0,0,8,10,23604,208
770,2021-06-09,Boston Red Sox,Houston Astros,0,30,3,4,1,0,1,3,1,9,0,0,1,0,0,0,0,2,9,21007,187
771,2021-06-10,Boston Red Sox,Houston Astros,1,38,12,14,4,0,2,12,4,3,2,0,1,1,0,0,0,9,9,23378,227
772,2021-06-11,Boston Red Sox,Toronto Blue Jays,1,33,6,8,1,0,2,5,3,9,2,0,0,1,0,0,0,8,10,25257,211
773,2021-06-12,Boston Red Sox,Toronto Blue Jays,0,31,2,5,0,2,0,2,3,13,2,0,0,0,0,1,1,7,10,24024,189
774,2021-06-13,Boston Red Sox,Toronto Blue Jays,0,32,4,6,1,0,2,4,4,12,0,0,0,0,1,0,0,5,10,22595,174
775,2021-06-14,Boston Red Sox,Toronto Blue Jays,1,31,2,7,1,0,0,2,1,7,0,0,0,0,1,0,0,5,9,20070,162
776,2021-06-15,Boston Red Sox,Atlanta Braves,1,39,10,14,1,1,4,10,2,11,0,1,0,0,0,0,1,5,17,36638,212
777,2021-06-16,Boston Red Sox,Atlanta Braves,1,41,10,14,8,0,1,10,3,10,0,0,0,0,0,0,0,7,18,39847,250
778,2021-06-18,Boston Red Sox,Kansas City Royals,0,36,3,11,1,0,1,3,2,11,0,0,0,0,1,0,0,8,9,29870,200
779,2021-06-19,Boston Red Sox,Kansas City Royals,1,34,7,8,1,1,2,7,3,5,1,0,0,0,1,0,0,4,9,24568,179
780,2021-06-20,Boston Red Sox,Kansas City Royals,0,37,3,11,1,1,2,3,3,8,0,0,0,1,2,0,0,10,11,20726,215
781,2021-06-22,Boston Red Sox,Tampa Bay Rays,1,39,9,10,3,0,1,7,3,11,1,0,2,1,0,2,1,3,10,12994,261
782,2021-06-23,Boston Red Sox,Tampa Bay Rays,0,32,2,6,2,0,0,2,6,12,1,0,0,0,0,0,1,10,9,9088,211
783,2021-06-24,Boston Red Sox,Tampa Bay Rays,0,29,0,4,1,0,0,0,5,10,0,0,0,0,0,1,0,7,10,10961,182
784,2021-06-25,Boston Red Sox,New York Yankees,1,32,5,7,2,0,0,5,4,10,0,0,1,1,0,1,0,8,9,36869,217
785,2021-06-26,Boston Red Sox,New York Yankees,1,30,4,10,2,0,0,4,2,6,0,0,3,0,1,0,0,7,9,36857,202
786,2021-06-27,Boston Red Sox,New York Yankees,1,35,9,13,3,0,4,9,2,7,1,0,1,0,0,1,0,6,9,34504,189
787,2021-06-28,Boston Red Sox,Kansas City Royals,1,30,6,9,1,0,4,6,4,6,0,0,0,1,3,0,1,4,9,22766,182
788,2021-06-29,Boston Red Sox,Kansas City Royals,1,30,7,12,1,0,0,7,7,4,1,0,2,0,2,1,0,9,10,25180,211
789,2021-06-30,Boston Red Sox,Kansas City Royals,1,32,6,8,2,0,2,6,2,3,1,0,0,0,0,0,0,5,9,24616,175
790,2021-07-01,Boston Red Sox,Kansas City Royals,1,38,15,17,3,0,4,14,4,9,2,0,1,0,2,0,0,6,10,27913,188
791,2021-07-02,Boston Red Sox,Oakland Athletics,1,34,3,6,1,0,0,3,3,5,2,0,0,0,2,1,0,6,9,32304,184
792,2021-07-03,Boston Red Sox,Oakland Athletics,0,43,6,9,0,0,1,5,3,11,0,0,1,1,0,0,2,5,10,16297,264
793,2021-07-04,Boston Red Sox,Oakland Athletics,1,33,1,6,3,0,0,0,1,11,0,0,0,1,1,0,0,6,9,13070,172
794,2021-07-05,Boston Red Sox,Los Angeles Angels,1,35,5,7,0,0,2,5,7,6,0,0,0,1,0,0,0,10,10,38201,226
795,2021-07-06,Boston Red Sox,Los Angeles Angels,0,32,3,6,3,0,1,3,1,7,0,0,1,0,0,0,0,4,10,28689,174
796,2021-07-07,Boston Red Sox,Los Angeles Angels,0,35,4,9,2,1,0,4,2,10,0,0,0,1,2,0,0,6,9,20001,175
797,2021-07-09,Boston Red Sox,Philadelphia Phillies,1,38,11,14,4,0,3,11,7,8,0,0,0,0,0,0,0,10,9,32641,224
798,2021-07-10,Boston Red Sox,Philadelphia Phillies,0,30,2,4,1,0,1,1,4,7,2,0,0,0,1,0,0,7,11,33202,207
799,2021-07-11,Boston Red Sox,Philadelphia Phillies,0,37,4,11,3,0,1,4,4,7,0,0,0,1,1,0,0,10,10,32586,215
800,2021-07-16,Boston Red Sox,New York Yankees,1,32,4,5,2,0,2,4,3,6,0,0,0,0,0,0,0,4,9,40130,183
801,2021-07-17,Boston Red Sox,New York Yankees,0,23,1,5,1,0,0,1,2,11,0,0,0,0,0,1,0,6,9,37095,163
802,2021-07-18,Boston Red Sox,New York Yankees,0,32,1,5,3,0,0,1,5,9,0,0,0,0,0,0,0,9,12,40309,224
803,2021-07-19,Boston Red Sox,Toronto Blue Jays,1,41,13,14,4,0,6,13,7,8,0,0,0,0,0,0,0,8,11,12811,212
804,2021-07-21,Boston Red Sox,Toronto Blue Jays,1,36,7,9,3,0,5,7,2,9,0,0,0,0,0,0,0,4,10,14607,174
805,2021-07-22,Boston Red Sox,New York Yankees,1,37,5,10,1,0,0,4,2,8,0,0,2,0,0,0,0,7,11,34761,228
806,2021-07-23,Boston Red Sox,New York Yankees,1,32,6,9,2,0,2,6,3,12,0,0,1,0,0,0,0,6,9,34922,206
807,2021-07-24,Boston Red Sox,New York Yankees,0,32,3,7,3,1,0,2,4,6,0,0,1,1,1,0,1,7,11,35136,182
808,2021-07-25,Boston Red Sox,New York Yankees,1,29,5,5,3,0,0,5,1,10,0,0,1,0,0,0,0,2,12,32009,170
809,2021-07-26,Boston Red Sox,Toronto Blue Jays,1,32,5,9,2,0,2,5,3,7,0,0,0,0,0,0,1,6,9,27142,197
810,2021-07-28,Boston Red Sox,Toronto Blue Jays,0,26,1,5,2,0,0,1,3,9,0,0,0,0,0,0,0,7,10,27410,156
811,2021-07-28,Boston Red Sox,Toronto Blue Jays,1,27,4,11,2,2,0,3,2,5,1,0,1,1,1,0,0,9,10,27783,147
812,2021-07-29,Boston Red Sox,Toronto Blue Jays,0,36,1,6,2,0,0,1,1,9,1,0,0,2,0,0,0,10,12,33191,204
813,2021-07-30,Boston Red Sox,Tampa Bay Rays,0,36,3,10,1,0,0,3,3,12,0,0,0,0,0,0,0,9,9,11109,191
814,2021-07-31,Boston Red Sox,Tampa Bay Rays,0,35,5,8,1,0,2,5,4,11,0,0,0,0,0,0,0,7,10,20521,214
815,2021-08-01,Boston Red Sox,Tampa Bay Rays,0,35,2,8,1,0,1,1,4,10,0,0,0,0,1,0,0,10,11,17816,171
816,2021-08-03,Boston Red Sox,Detroit Tigers,0,36,2,9,0,0,1,2,2,10,0,0,0,1,1,1,0,9,10,15724,204
817,2021-08-04,Boston Red Sox,Detroit Tigers,1,36,4,11,3,1,3,4,2,10,0,0,0,0,1,0,1,7,10,16633,200
818,2021-08-05,Boston Red Sox,Detroit Tigers,0,35,1,9,1,0,0,1,3,5,0,0,1,0,0,0,0,11,11,19144,194
819,2021-08-06,Boston Red Sox,Toronto Blue Jays,0,33,4,8,1,0,1,4,6,10,0,0,1,0,1,0,0,9,11,14719,214
820,2021-08-07,Boston Red Sox,Toronto Blue Jays,0,22,0,2,0,0,0,0,2,7,0,0,0,0,1,0,0,3,9,14768,115
821,2021-08-07,Boston Red Sox,Toronto Blue Jays,1,30,2,8,1,0,1,2,1,7,0,0,0,0,0,0,2,5,9,12659,179
822,2021-08-08,Boston Red Sox,Toronto Blue Jays,0,43,8,16,3,0,0,8,2,7,0,0,0,0,0,0,0,10,11,14766,244
823,2021-08-10,Boston Red Sox,Tampa Bay Rays,0,35,4,9,1,0,2,4,3,12,0,0,0,0,1,0,0,7,10,28356,208
824,2021-08-11,Boston Red Sox,Tampa Bay Rays,1,42,20,19,7,2,1,20,9,6,2,0,0,0,1,0,0,9,12,30286,197
825,2021-08-12,Boston Red Sox,Tampa Bay Rays,0,28,1,2,1,0,0,1,3,11,0,0,0,0,1,0,0,3,9,26803,179
826,2021-08-13,Boston Red Sox,Baltimore Orioles,1,34,8,11,3,0,3,8,5,4,0,0,1,0,0,0,0,8,10,28022,185
827,2021-08-14,Boston Red Sox,Baltimore Orioles,1,38,16,17,3,1,5,15,4,3,2,0,0,0,2,0,1,4,12,33118,192
828,2021-08-15,Boston Red Sox,Baltimore Orioles,1,32,6,9,3,0,1,6,6,5,0,0,0,0,1,0,0,8,9,28935,187
829,2021-08-17,Boston Red Sox,New York Yankees,0,27,3,8,0,0,1,3,2,9,0,0,0,0,0,0,0,5,11,39078,176
830,2021-08-17,Boston Red Sox,New York Yankees,0,26,0,5,0,0,0,0,4,5,0,0,0,0,0,0,0,9,11,35237,151
831,2021-08-18,Boston Red Sox,New York Yankees,0,30,2,4,0,0,2,2,3,6,0,0,0,0,1,0,0,4,9,39166,221
832,2021-08-20,Boston Red Sox,Texas Rangers,1,33,6,10,6,0,1,6,3,5,1,0,0,0,0,0,0,7,10,30012,193
833,2021-08-21,Boston Red Sox,Texas Rangers,0,30,1,5,1,0,0,1,3,7,0,0,0,0,0,0,0,5,11,32495,205
834,2021-08-23,Boston Red Sox,Texas Rangers,1,38,8,8,1,0,3,8,6,8,0,1,0,0,0,0,0,7,13,27652,224
835,2021-08-24,Boston Red Sox,Minnesota Twins,1,34,11,11,3,0,4,11,6,7,0,0,0,0,1,0,0,5,10,27986,249
836,2021-08-25,Boston Red Sox,Minnesota Twins,0,43,6,15,2,0,2,4,3,10,1,0,0,0,1,0,0,11,11,28923,247
837,2021-08-26,Boston Red Sox,Minnesota Twins,1,33,12,9,1,0,3,11,8,5,1,0,0,1,1,1,0,6,10,33746,213
838,2021-08-27,Boston Red Sox,Cleveland Indians,1,30,4,3,1,0,1,3,3,7,1,0,0,0,1,0,0,3,10,20881,178
839,2021-08-28,Boston Red Sox,Cleveland Indians,1,39,5,12,2,0,2,4,2,8,0,1,0,0,1,0,0,7,11,26221,239
840,2021-08-29,Boston Red Sox,Cleveland Indians,0,34,5,9,2,0,3,5,4,13,0,0,0,0,1,2,1,6,11,22883,202
841,2021-08-30,Boston Red Sox,Tampa Bay Rays,0,32,1,6,0,0,1,1,2,10,0,0,0,0,1,0,0,6,9,6753,200
842,2021-08-31,Boston Red Sox,Tampa Bay Rays,0,38,5,10,3,0,1,5,3,7,0,0,0,0,0,0,0,9,11,6868,188
843,2021-09-01,Boston Red Sox,Tampa Bay Rays,1,34,3,9,0,1,1,3,1,13,0,0,0,0,1,0,0,5,9,7808,193
844,2021-09-02,Boston Red Sox,Tampa Bay Rays,1,33,4,9,0,0,0,4,4,12,0,1,0,0,1,0,1,7,9,7923,175
845,2021-09-03,Boston Red Sox,Cleveland Indians,1,34,8,10,3,0,4,8,5,8,0,0,0,0,0,0,0,7,11,31127,189
846,2021-09-04,Boston Red Sox,Cleveland Indians,1,29,4,7,2,0,1,4,8,8,0,3,0,0,1,0,0,10,11,33081,189
847,2021-09-05,Boston Red Sox,Cleveland Indians,0,40,5,13,6,0,1,5,4,6,0,0,0,0,0,0,0,12,11,27578,239
848,2021-09-06,Boston Red Sox,Tampa Bay Rays,0,42,10,14,4,1,1,10,7,10,1,0,1,1,2,0,0,11,13,26512,294
849,2021-09-07,Boston Red Sox,Tampa Bay Rays,0,42,7,15,2,0,3,7,1,5,0,0,0,0,0,0,0,9,12,25065,177
850,2021-09-08,Boston Red Sox,Tampa Bay Rays,1,30,2,7,1,0,1,2,2,7,0,0,0,0,1,1,0,6,12,26649,166
851,2021-09-10,Boston Red Sox,Chicago White Sox,0,35,3,8,0,1,1,3,2,11,0,0,0,0,0,0,0,7,11,34365,228
852,2021-09-11,Boston Red Sox,Chicago White Sox,1,39,9,10,2,0,1,9,6,15,0,0,1,0,0,1,0,7,12,37854,252
853,2021-09-12,Boston Red Sox,Chicago White Sox,0,29,1,4,1,0,0,1,3,13,0,0,1,0,0,0,0,5,11,36178,177
854,2021-09-13,Boston Red Sox,Seattle Mariners,0,34,4,7,1,0,3,4,1,15,0,0,0,0,0,0,0,4,9,18219,191
855,2021-09-14,Boston Red Sox,Seattle Mariners,1,37,8,11,1,1,3,8,4,10,2,0,0,0,1,0,0,8,12,19887,239
856,2021-09-15,Boston Red Sox,Seattle Mariners,1,39,9,9,3,0,1,8,6,12,0,0,0,0,0,1,0,7,13,17860,238
857,2021-09-17,Boston Red Sox,Baltimore Orioles,1,34,7,12,5,0,1,7,5,4,0,0,1,0,0,0,0,9,9,29811,207
858,2021-09-18,Boston Red Sox,Baltimore Orioles,1,37,9,14,4,0,1,8,3,5,0,0,0,0,1,0,0,7,9,30027,189
859,2021-09-19,Boston Red Sox,Baltimore Orioles,1,33,8,10,4,0,1,8,2,5,1,0,0,0,0,0,0,4,9,27010,175
860,2021-09-21,Boston Red Sox,New York Mets,1,31,6,8,4,0,2,6,4,5,2,0,0,0,1,0,0,7,10,32146,218
861,2021-09-22,Boston Red Sox,New York Mets,1,37,12,14,6,1,2,10,3,8,0,0,0,1,2,0,0,4,12,30254,222
862,2021-09-24,Boston Red Sox,New York Yankees,0,32,3,7,1,0,1,3,5,9,0,0,0,0,2,0,0,7,11,36026,211
863,2021-09-25,Boston Red Sox,New York Yankees,0,34,3,7,0,0,2,2,1,11,2,0,0,0,0,0,0,7,10,36103,213
864,2021-09-26,Boston Red Sox,New York Yankees,0,35,3,11,1,0,0,2,1,10,0,0,2,1,1,1,0,8,12,36312,222
865,2021-09-28,Boston Red Sox,Baltimore Orioles,0,30,2,3,0,0,2,2,2,6,0,0,0,0,0,0,0,3,11,8098,157
866,2021-09-29,Boston Red Sox,Baltimore Orioles,1,38,6,13,1,0,2,6,1,10,0,0,0,2,2,0,0,6,12,8732,182
867,2021-09-30,Boston Red Sox,Baltimore Orioles,0,30,2,5,1,0,1,1,4,3,0,0,0,0,2,0,0,5,11,13012,160
868,2021-10-01,Boston Red Sox,Washington Nationals,1,33,4,7,0,0,2,4,7,4,0,0,0,1,1,0,0,9,16,32521,205
869,2021-10-02,Boston Red Sox,Washington Nationals,1,33,5,7,1,1,2,5,7,14,0,0,0,0,1,0,0,8,17,41465,233
870,2021-10-03,Boston Red Sox,Washington Nationals,1,39,7,13,1,0,2,7,3,13,1,0,0,1,1,0,0,9,19,33986,226
