Key,Game_Date,Game_Month,Game_Day_of_Week,Team,Opponent,Opponent_Division,Game_Result
1,2016-04-05,April,Tuesday,Boston Red Sox,Cleveland Guardians (Indians),American League (AL) Central,1
2,2016-04-06,April,Wednesday,Boston Red Sox,Cleveland Guardians (Indians),American League (AL) Central,0
3,2016-04-08,April,Friday,Boston Red Sox,Toronto Blue Jays,American League (AL) East,1
4,2016-04-09,April,Saturday,Boston Red Sox,Toronto Blue Jays,American League (AL) East,1
5,2016-04-10,April,Sunday,Boston Red Sox,Toronto Blue Jays,American League (AL) East,0
6,2016-04-11,April,Monday,Boston Red Sox,Baltimore Orioles,American League (AL) East,0
7,2016-04-12,April,Tuesday,Boston Red Sox,Baltimore Orioles,American League (AL) East,0
8,2016-04-13,April,Wednesday,Boston Red Sox,Baltimore Orioles,American League (AL) East,1
9,2016-04-15,April,Friday,Boston Red Sox,Toronto Blue Jays,American League (AL) East,1
10,2016-04-16,April,Saturday,Boston Red Sox,Toronto Blue Jays,American League (AL) East,1
11,2016-04-17,April,Sunday,Boston Red Sox,Toronto Blue Jays,American League (AL) East,0
12,2016-04-18,April,Monday,Boston Red Sox,Toronto Blue Jays,American League (AL) East,0
13,2016-04-19,April,Tuesday,Boston Red Sox,Tampa Bay Rays,American League (AL) East,0
14,2016-04-20,April,Wednesday,Boston Red Sox,Tampa Bay Rays,American League (AL) East,1
15,2016-04-21,April,Thursday,Boston Red Sox,Tampa Bay Rays,American League (AL) East,0
16,2016-04-22,April,Friday,Boston Red Sox,Houston Astros,American League (AL) Central,1
17,2016-04-23,April,Saturday,Boston Red Sox,Houston Astros,American League (AL) Central,0
18,2016-04-24,April,Sunday,Boston Red Sox,Houston Astros,American League (AL) Central,1
19,2016-04-25,April,Monday,Boston Red Sox,Atlanta Braves,National League (NL) East,1
20,2016-04-26,April,Tuesday,Boston Red Sox,Atlanta Braves,National League (NL) East,1
21,2016-04-27,April,Wednesday,Boston Red Sox,Atlanta Braves,National League (NL) East,1
22,2016-04-28,April,Thursday,Boston Red Sox,Atlanta Braves,National League (NL) East,0
23,2016-04-29,April,Friday,Boston Red Sox,New York Yankees,American League (AL) East,1
24,2016-04-30,April,Saturday,Boston Red Sox,New York Yankees,American League (AL) East,1
25,2016-05-01,May,Sunday,Boston Red Sox,New York Yankees,American League (AL) East,1
26,2016-05-03,May,Tuesday,Boston Red Sox,Chicago White Sox,American League (AL) Central,0
27,2016-05-04,May,Wednesday,Boston Red Sox,Chicago White Sox,American League (AL) Central,1
28,2016-05-05,May,Thursday,Boston Red Sox,Chicago White Sox,American League (AL) Central,1
29,2016-05-06,May,Friday,Boston Red Sox,New York Yankees,American League (AL) East,0
30,2016-05-07,May,Saturday,Boston Red Sox,New York Yankees,American League (AL) East,0
31,2016-05-08,May,Sunday,Boston Red Sox,New York Yankees,American League (AL) East,1
32,2016-05-09,May,Monday,Boston Red Sox,Oakland Athletics,American League (AL) West,1
33,2016-05-10,May,Tuesday,Boston Red Sox,Oakland Athletics,American League (AL) West,1
34,2016-05-11,May,Wednesday,Boston Red Sox,Oakland Athletics,American League (AL) West,1
35,2016-05-12,May,Thursday,Boston Red Sox,Houston Astros,American League (AL) Central,1
36,2016-05-13,May,Friday,Boston Red Sox,Houston Astros,American League (AL) Central,0
37,2016-05-14,May,Saturday,Boston Red Sox,Houston Astros,American League (AL) Central,1
38,2016-05-15,May,Sunday,Boston Red Sox,Houston Astros,American League (AL) Central,1
39,2016-05-17,May,Tuesday,Boston Red Sox,Kansas City Royals,American League (AL) West,0
40,2016-05-18,May,Wednesday,Boston Red Sox,Kansas City Royals,American League (AL) West,0
41,2016-05-18,May,Wednesday,Boston Red Sox,Kansas City Royals,American League (AL) West,1
42,2016-05-20,May,Friday,Boston Red Sox,Cleveland Guardians (Indians),American League (AL) Central,0
43,2016-05-21,May,Saturday,Boston Red Sox,Cleveland Guardians (Indians),American League (AL) Central,1
44,2016-05-22,May,Sunday,Boston Red Sox,Cleveland Guardians (Indians),American League (AL) Central,1
45,2016-05-24,May,Tuesday,Boston Red Sox,Colorado Rockies,National League (NL) West,1
46,2016-05-25,May,Wednesday,Boston Red Sox,Colorado Rockies,National League (NL) West,1
47,2016-05-26,May,Thursday,Boston Red Sox,Colorado Rockies,National League (NL) West,0
48,2016-05-27,May,Friday,Boston Red Sox,Toronto Blue Jays,American League (AL) East,0
49,2016-05-28,May,Saturday,Boston Red Sox,Toronto Blue Jays,American League (AL) East,0
50,2016-05-29,May,Sunday,Boston Red Sox,Toronto Blue Jays,American League (AL) East,1
51,2016-05-30,May,Monday,Boston Red Sox,Baltimore Orioles,American League (AL) East,1
52,2016-05-31,May,Tuesday,Boston Red Sox,Baltimore Orioles,American League (AL) East,1
53,2016-06-01,June,Wednesday,Boston Red Sox,Baltimore Orioles,American League (AL) East,0
54,2016-06-02,June,Thursday,Boston Red Sox,Baltimore Orioles,American League (AL) East,0
55,2016-06-03,June,Friday,Boston Red Sox,Toronto Blue Jays,American League (AL) East,0
56,2016-06-04,June,Saturday,Boston Red Sox,Toronto Blue Jays,American League (AL) East,1
57,2016-06-05,June,Sunday,Boston Red Sox,Toronto Blue Jays,American League (AL) East,0
58,2016-06-07,June,Tuesday,Boston Red Sox,San Francisco Giants,National League (NL) West,1
59,2016-06-08,June,Wednesday,Boston Red Sox,San Francisco Giants,National League (NL) West,0
60,2016-06-10,June,Friday,Boston Red Sox,Minnesota Twins,American League (AL) Central,1
61,2016-06-11,June,Saturday,Boston Red Sox,Minnesota Twins,American League (AL) Central,1
62,2016-06-12,June,Sunday,Boston Red Sox,Minnesota Twins,American League (AL) Central,0
63,2016-06-14,June,Tuesday,Boston Red Sox,Baltimore Orioles,American League (AL) East,0
64,2016-06-15,June,Wednesday,Boston Red Sox,Baltimore Orioles,American League (AL) East,1
65,2016-06-16,June,Thursday,Boston Red Sox,Baltimore Orioles,American League (AL) East,0
66,2016-06-17,June,Friday,Boston Red Sox,Seattle Mariners,American League (AL) Central,0
67,2016-06-18,June,Saturday,Boston Red Sox,Seattle Mariners,American League (AL) Central,1
68,2016-06-19,June,Sunday,Boston Red Sox,Seattle Mariners,American League (AL) Central,1
69,2016-06-20,June,Monday,Boston Red Sox,Chicago White Sox,American League (AL) Central,0
70,2016-06-21,June,Tuesday,Boston Red Sox,Chicago White Sox,American League (AL) Central,0
71,2016-06-22,June,Wednesday,Boston Red Sox,Chicago White Sox,American League (AL) Central,0
72,2016-06-23,June,Thursday,Boston Red Sox,Chicago White Sox,American League (AL) Central,1
73,2016-06-24,June,Friday,Boston Red Sox,Texas Rangers,American League (AL) Central,1
74,2016-06-25,June,Saturday,Boston Red Sox,Texas Rangers,American League (AL) Central,0
75,2016-06-26,June,Sunday,Boston Red Sox,Texas Rangers,American League (AL) Central,0
76,2016-06-27,June,Monday,Boston Red Sox,Tampa Bay Rays,American League (AL) East,0
77,2016-06-28,June,Tuesday,Boston Red Sox,Tampa Bay Rays,American League (AL) East,1
78,2016-06-29,June,Wednesday,Boston Red Sox,Tampa Bay Rays,American League (AL) East,0
79,2016-07-01,July,Friday,Boston Red Sox,Los Angeles Angels,American League (AL) West,1
80,2016-07-02,July,Saturday,Boston Red Sox,Los Angeles Angels,American League (AL) West,0
81,2016-07-03,July,Sunday,Boston Red Sox,Los Angeles Angels,American League (AL) West,1
82,2016-07-04,July,Monday,Boston Red Sox,Texas Rangers,American League (AL) Central,1
83,2016-07-05,July,Tuesday,Boston Red Sox,Texas Rangers,American League (AL) Central,0
84,2016-07-06,July,Wednesday,Boston Red Sox,Texas Rangers,American League (AL) Central,1
85,2016-07-08,July,Friday,Boston Red Sox,Tampa Bay Rays,American League (AL) East,1
86,2016-07-09,July,Saturday,Boston Red Sox,Tampa Bay Rays,American League (AL) East,1
87,2016-07-10,July,Sunday,Boston Red Sox,Tampa Bay Rays,American League (AL) East,1
88,2016-07-15,July,Friday,Boston Red Sox,New York Yankees,American League (AL) East,1
89,2016-07-16,July,Saturday,Boston Red Sox,New York Yankees,American League (AL) East,1
90,2016-07-17,July,Sunday,Boston Red Sox,New York Yankees,American League (AL) East,0
91,2016-07-19,July,Tuesday,Boston Red Sox,San Francisco Giants,National League (NL) West,1
92,2016-07-20,July,Wednesday,Boston Red Sox,San Francisco Giants,National League (NL) West,1
93,2016-07-21,July,Thursday,Boston Red Sox,Minnesota Twins,American League (AL) Central,1
94,2016-07-22,July,Friday,Boston Red Sox,Minnesota Twins,American League (AL) Central,0
95,2016-07-23,July,Saturday,Boston Red Sox,Minnesota Twins,American League (AL) Central,0
96,2016-07-24,July,Sunday,Boston Red Sox,Minnesota Twins,American League (AL) Central,1
97,2016-07-25,July,Monday,Boston Red Sox,Detroit Tigers,American League (AL) Central,0
98,2016-07-26,July,Tuesday,Boston Red Sox,Detroit Tigers,American League (AL) Central,0
99,2016-07-27,July,Wednesday,Boston Red Sox,Detroit Tigers,American League (AL) Central,0
100,2016-07-28,July,Thursday,Boston Red Sox,Los Angeles Angels,American League (AL) West,0
101,2016-07-29,July,Friday,Boston Red Sox,Los Angeles Angels,American League (AL) West,1
102,2016-07-30,July,Saturday,Boston Red Sox,Los Angeles Angels,American League (AL) West,0
103,2016-07-31,July,Sunday,Boston Red Sox,Los Angeles Angels,American League (AL) West,1
104,2016-08-01,August,Monday,Boston Red Sox,Seattle Mariners,American League (AL) Central,1
105,2016-08-02,August,Tuesday,Boston Red Sox,Seattle Mariners,American League (AL) Central,0
106,2016-08-03,August,Wednesday,Boston Red Sox,Seattle Mariners,American League (AL) Central,0
107,2016-08-04,August,Thursday,Boston Red Sox,Seattle Mariners,American League (AL) Central,1
108,2016-08-05,August,Friday,Boston Red Sox,Los Angeles Dodgers,National League (NL) West,1
109,2016-08-06,August,Saturday,Boston Red Sox,Los Angeles Dodgers,National League (NL) West,0
110,2016-08-07,August,Sunday,Boston Red Sox,Los Angeles Dodgers,National League (NL) West,0
111,2016-08-09,August,Tuesday,Boston Red Sox,New York Yankees,American League (AL) East,1
112,2016-08-10,August,Wednesday,Boston Red Sox,New York Yankees,American League (AL) East,0
113,2016-08-11,August,Thursday,Boston Red Sox,New York Yankees,American League (AL) East,0
114,2016-08-12,August,Friday,Boston Red Sox,Arizona Diamondbacks,National League (NL) West,1
115,2016-08-13,August,Saturday,Boston Red Sox,Arizona Diamondbacks,National League (NL) West,1
116,2016-08-14,August,Sunday,Boston Red Sox,Arizona Diamondbacks,National League (NL) West,1
117,2016-08-15,August,Monday,Boston Red Sox,Cleveland Guardians (Indians),American League (AL) Central,1
118,2016-08-16,August,Tuesday,Boston Red Sox,Baltimore Orioles,American League (AL) East,1
119,2016-08-17,August,Wednesday,Boston Red Sox,Baltimore Orioles,American League (AL) East,1
120,2016-08-18,August,Thursday,Boston Red Sox,Detroit Tigers,American League (AL) Central,0
121,2016-08-19,August,Friday,Boston Red Sox,Detroit Tigers,American League (AL) Central,1
122,2016-08-20,August,Saturday,Boston Red Sox,Detroit Tigers,American League (AL) Central,1
123,2016-08-21,August,Sunday,Boston Red Sox,Detroit Tigers,American League (AL) Central,0
124,2016-08-22,August,Monday,Boston Red Sox,Tampa Bay Rays,American League (AL) East,1
125,2016-08-23,August,Tuesday,Boston Red Sox,Tampa Bay Rays,American League (AL) East,1
126,2016-08-24,August,Wednesday,Boston Red Sox,Tampa Bay Rays,American League (AL) East,0
127,2016-08-25,August,Thursday,Boston Red Sox,Tampa Bay Rays,American League (AL) East,0
128,2016-08-26,August,Friday,Boston Red Sox,Kansas City Royals,American League (AL) West,0
129,2016-08-27,August,Saturday,Boston Red Sox,Kansas City Royals,American League (AL) West,1
130,2016-08-28,August,Sunday,Boston Red Sox,Kansas City Royals,American League (AL) West,0
131,2016-08-29,August,Monday,Boston Red Sox,Tampa Bay Rays,American League (AL) East,1
132,2016-08-30,August,Tuesday,Boston Red Sox,Tampa Bay Rays,American League (AL) East,0
133,2016-08-31,August,Wednesday,Boston Red Sox,Tampa Bay Rays,American League (AL) East,1
134,2016-09-02,September,Friday,Boston Red Sox,Oakland Athletics,American League (AL) West,1
135,2016-09-03,September,Saturday,Boston Red Sox,Oakland Athletics,American League (AL) West,1
136,2016-09-04,September,Sunday,Boston Red Sox,Oakland Athletics,American League (AL) West,0
137,2016-09-05,September,Monday,Boston Red Sox,San Diego Padres,National League (NL) West,0
138,2016-09-06,September,Tuesday,Boston Red Sox,San Diego Padres,National League (NL) West,1
139,2016-09-07,September,Wednesday,Boston Red Sox,San Diego Padres,National League (NL) West,1
140,2016-09-09,September,Friday,Boston Red Sox,Toronto Blue Jays,American League (AL) East,1
141,2016-09-10,September,Saturday,Boston Red Sox,Toronto Blue Jays,American League (AL) East,0
142,2016-09-11,September,Sunday,Boston Red Sox,Toronto Blue Jays,American League (AL) East,1
143,2016-09-12,September,Monday,Boston Red Sox,Baltimore Orioles,American League (AL) East,1
144,2016-09-13,September,Tuesday,Boston Red Sox,Baltimore Orioles,American League (AL) East,0
145,2016-09-14,September,Wednesday,Boston Red Sox,Baltimore Orioles,American League (AL) East,0
146,2016-09-15,September,Thursday,Boston Red Sox,New York Yankees,American League (AL) East,1
147,2016-09-16,September,Friday,Boston Red Sox,New York Yankees,American League (AL) East,1
148,2016-09-17,September,Saturday,Boston Red Sox,New York Yankees,American League (AL) East,1
149,2016-09-18,September,Sunday,Boston Red Sox,New York Yankees,American League (AL) East,1
150,2016-09-19,September,Monday,Boston Red Sox,Baltimore Orioles,American League (AL) East,1
151,2016-09-20,September,Tuesday,Boston Red Sox,Baltimore Orioles,American League (AL) East,1
152,2016-09-21,September,Wednesday,Boston Red Sox,Baltimore Orioles,American League (AL) East,1
153,2016-09-22,September,Thursday,Boston Red Sox,Baltimore Orioles,American League (AL) East,1
154,2016-09-23,September,Friday,Boston Red Sox,Tampa Bay Rays,American League (AL) East,1
155,2016-09-24,September,Saturday,Boston Red Sox,Tampa Bay Rays,American League (AL) East,1
156,2016-09-25,September,Sunday,Boston Red Sox,Tampa Bay Rays,American League (AL) East,1
157,2016-09-27,September,Tuesday,Boston Red Sox,New York Yankees,American League (AL) East,0
158,2016-09-28,September,Wednesday,Boston Red Sox,New York Yankees,American League (AL) East,0
159,2016-09-29,September,Thursday,Boston Red Sox,New York Yankees,American League (AL) East,0
160,2016-09-30,September,Friday,Boston Red Sox,Toronto Blue Jays,American League (AL) East,1
161,2016-10-01,October,Saturday,Boston Red Sox,Toronto Blue Jays,American League (AL) East,0
162,2016-10-02,October,Sunday,Boston Red Sox,Toronto Blue Jays,American League (AL) East,0
163,2017-04-03,April,Monday,Boston Red Sox,Pittsburgh Pirates,National League (NL) Central,1
164,2017-04-05,April,Wednesday,Boston Red Sox,Pittsburgh Pirates,National League (NL) Central,1
165,2017-04-07,April,Friday,Boston Red Sox,Detroit Tigers,American League (AL) Central,0
166,2017-04-08,April,Saturday,Boston Red Sox,Detroit Tigers,American League (AL) Central,0
167,2017-04-09,April,Sunday,Boston Red Sox,Detroit Tigers,American League (AL) Central,1
168,2017-04-10,April,Monday,Boston Red Sox,Detroit Tigers,American League (AL) Central,0
169,2017-04-11,April,Tuesday,Boston Red Sox,Baltimore Orioles,American League (AL) East,1
170,2017-04-12,April,Wednesday,Boston Red Sox,Baltimore Orioles,American League (AL) East,0
171,2017-04-13,April,Thursday,Boston Red Sox,Pittsburgh Pirates,National League (NL) Central,1
172,2017-04-14,April,Friday,Boston Red Sox,Tampa Bay Rays,American League (AL) East,0
173,2017-04-15,April,Saturday,Boston Red Sox,Tampa Bay Rays,American League (AL) East,1
174,2017-04-16,April,Sunday,Boston Red Sox,Tampa Bay Rays,American League (AL) East,1
175,2017-04-17,April,Monday,Boston Red Sox,Tampa Bay Rays,American League (AL) East,1
176,2017-04-18,April,Tuesday,Boston Red Sox,Toronto Blue Jays,American League (AL) East,1
177,2017-04-19,April,Wednesday,Boston Red Sox,Toronto Blue Jays,American League (AL) East,0
178,2017-04-20,April,Thursday,Boston Red Sox,Toronto Blue Jays,American League (AL) East,1
179,2017-04-21,April,Friday,Boston Red Sox,Baltimore Orioles,American League (AL) East,0
180,2017-04-22,April,Saturday,Boston Red Sox,Baltimore Orioles,American League (AL) East,0
181,2017-04-23,April,Sunday,Boston Red Sox,Baltimore Orioles,American League (AL) East,1
182,2017-04-26,April,Wednesday,Boston Red Sox,New York Yankees,American League (AL) East,0
183,2017-04-27,April,Thursday,Boston Red Sox,New York Yankees,American League (AL) East,0
184,2017-04-28,April,Friday,Boston Red Sox,Chicago Cubs,National League (NL) Central,1
185,2017-04-29,April,Saturday,Boston Red Sox,Chicago Cubs,National League (NL) Central,0
186,2017-04-30,April,Sunday,Boston Red Sox,Chicago Cubs,National League (NL) Central,1
187,2017-05-01,May,Monday,Boston Red Sox,Baltimore Orioles,American League (AL) East,0
188,2017-05-02,May,Tuesday,Boston Red Sox,Baltimore Orioles,American League (AL) East,1
189,2017-05-03,May,Wednesday,Boston Red Sox,Baltimore Orioles,American League (AL) East,1
190,2017-05-04,May,Thursday,Boston Red Sox,Baltimore Orioles,American League (AL) East,0
191,2017-05-05,May,Friday,Boston Red Sox,Minnesota Twins,American League (AL) Central,0
192,2017-05-06,May,Saturday,Boston Red Sox,Minnesota Twins,American League (AL) Central,1
193,2017-05-07,May,Sunday,Boston Red Sox,Minnesota Twins,American League (AL) Central,1
194,2017-05-09,May,Tuesday,Boston Red Sox,Milwaukee Brewers,National League (NL) Central,0
195,2017-05-10,May,Wednesday,Boston Red Sox,Milwaukee Brewers,National League (NL) Central,0
196,2017-05-11,May,Thursday,Boston Red Sox,Milwaukee Brewers,National League (NL) Central,1
197,2017-05-12,May,Friday,Boston Red Sox,Tampa Bay Rays,American League (AL) East,0
198,2017-05-13,May,Saturday,Boston Red Sox,Tampa Bay Rays,American League (AL) East,1
199,2017-05-14,May,Sunday,Boston Red Sox,Tampa Bay Rays,American League (AL) East,0
200,2017-05-16,May,Tuesday,Boston Red Sox,St. Louis Cardinals,National League (NL) Central,1
201,2017-05-17,May,Wednesday,Boston Red Sox,St. Louis Cardinals,National League (NL) Central,1
202,2017-05-18,May,Thursday,Boston Red Sox,Oakland Athletics,American League (AL) West,0
203,2017-05-19,May,Friday,Boston Red Sox,Oakland Athletics,American League (AL) West,0
204,2017-05-20,May,Saturday,Boston Red Sox,Oakland Athletics,American League (AL) West,0
205,2017-05-21,May,Sunday,Boston Red Sox,Oakland Athletics,American League (AL) West,1
206,2017-05-23,May,Tuesday,Boston Red Sox,Texas Rangers,American League (AL) Central,1
207,2017-05-24,May,Wednesday,Boston Red Sox,Texas Rangers,American League (AL) Central,1
208,2017-05-25,May,Thursday,Boston Red Sox,Texas Rangers,American League (AL) Central,1
209,2017-05-26,May,Friday,Boston Red Sox,Seattle Mariners,American League (AL) Central,1
210,2017-05-27,May,Saturday,Boston Red Sox,Seattle Mariners,American League (AL) Central,1
211,2017-05-28,May,Sunday,Boston Red Sox,Seattle Mariners,American League (AL) Central,0
212,2017-05-29,May,Monday,Boston Red Sox,Chicago White Sox,American League (AL) Central,0
213,2017-05-30,May,Tuesday,Boston Red Sox,Chicago White Sox,American League (AL) Central,1
214,2017-05-31,May,Wednesday,Boston Red Sox,Chicago White Sox,American League (AL) Central,1
215,2017-06-01,June,Thursday,Boston Red Sox,Baltimore Orioles,American League (AL) East,0
216,2017-06-02,June,Friday,Boston Red Sox,Baltimore Orioles,American League (AL) East,0
217,2017-06-03,June,Saturday,Boston Red Sox,Baltimore Orioles,American League (AL) East,1
218,2017-06-04,June,Sunday,Boston Red Sox,Baltimore Orioles,American League (AL) East,1
219,2017-06-06,June,Tuesday,Boston Red Sox,New York Yankees,American League (AL) East,1
220,2017-06-07,June,Wednesday,Boston Red Sox,New York Yankees,American League (AL) East,0
221,2017-06-08,June,Thursday,Boston Red Sox,New York Yankees,American League (AL) East,0
222,2017-06-09,June,Friday,Boston Red Sox,Detroit Tigers,American League (AL) Central,1
223,2017-06-10,June,Saturday,Boston Red Sox,Detroit Tigers,American League (AL) Central,1
224,2017-06-11,June,Sunday,Boston Red Sox,Detroit Tigers,American League (AL) Central,0
225,2017-06-12,June,Monday,Boston Red Sox,Philadelphia Phillies,American League (AL) West,1
226,2017-06-13,June,Tuesday,Boston Red Sox,Philadelphia Phillies,American League (AL) West,1
227,2017-06-14,June,Wednesday,Boston Red Sox,Philadelphia Phillies,American League (AL) West,1
228,2017-06-15,June,Thursday,Boston Red Sox,Philadelphia Phillies,American League (AL) West,0
229,2017-06-16,June,Friday,Boston Red Sox,Houston Astros,American League (AL) Central,1
230,2017-06-17,June,Saturday,Boston Red Sox,Houston Astros,American League (AL) Central,0
231,2017-06-18,June,Sunday,Boston Red Sox,Houston Astros,American League (AL) Central,1
232,2017-06-19,June,Monday,Boston Red Sox,Kansas City Royals,American League (AL) West,0
233,2017-06-20,June,Tuesday,Boston Red Sox,Kansas City Royals,American League (AL) West,1
234,2017-06-21,June,Wednesday,Boston Red Sox,Kansas City Royals,American League (AL) West,0
235,2017-06-23,June,Friday,Boston Red Sox,Los Angeles Angels,American League (AL) West,1
236,2017-06-24,June,Saturday,Boston Red Sox,Los Angeles Angels,American League (AL) West,0
237,2017-06-25,June,Sunday,Boston Red Sox,Los Angeles Angels,American League (AL) West,0
238,2017-06-26,June,Monday,Boston Red Sox,Minnesota Twins,American League (AL) Central,1
239,2017-06-27,June,Tuesday,Boston Red Sox,Minnesota Twins,American League (AL) Central,1
240,2017-06-28,June,Wednesday,Boston Red Sox,Minnesota Twins,American League (AL) Central,0
241,2017-06-29,June,Thursday,Boston Red Sox,Minnesota Twins,American League (AL) Central,1
242,2017-06-30,June,Friday,Boston Red Sox,Toronto Blue Jays,American League (AL) East,1
243,2017-07-01,July,Saturday,Boston Red Sox,Toronto Blue Jays,American League (AL) East,1
244,2017-07-02,July,Sunday,Boston Red Sox,Toronto Blue Jays,American League (AL) East,1
245,2017-07-03,July,Monday,Boston Red Sox,Texas Rangers,American League (AL) Central,1
246,2017-07-04,July,Tuesday,Boston Red Sox,Texas Rangers,American League (AL) Central,1
247,2017-07-05,July,Wednesday,Boston Red Sox,Texas Rangers,American League (AL) Central,0
248,2017-07-06,July,Thursday,Boston Red Sox,Tampa Bay Rays,American League (AL) East,0
249,2017-07-07,July,Friday,Boston Red Sox,Tampa Bay Rays,American League (AL) East,1
250,2017-07-08,July,Saturday,Boston Red Sox,Tampa Bay Rays,American League (AL) East,0
251,2017-07-09,July,Sunday,Boston Red Sox,Tampa Bay Rays,American League (AL) East,0
252,2017-07-14,July,Friday,Boston Red Sox,New York Yankees,American League (AL) East,1
253,2017-07-15,July,Saturday,Boston Red Sox,New York Yankees,American League (AL) East,0
254,2017-07-16,July,Sunday,Boston Red Sox,New York Yankees,American League (AL) East,0
255,2017-07-16,July,Sunday,Boston Red Sox,New York Yankees,American League (AL) East,1
256,2017-07-17,July,Monday,Boston Red Sox,Toronto Blue Jays,American League (AL) East,0
257,2017-07-18,July,Tuesday,Boston Red Sox,Toronto Blue Jays,American League (AL) East,1
258,2017-07-19,July,Wednesday,Boston Red Sox,Toronto Blue Jays,American League (AL) East,1
259,2017-07-20,July,Thursday,Boston Red Sox,Toronto Blue Jays,American League (AL) East,0
260,2017-07-21,July,Friday,Boston Red Sox,Los Angeles Angels,American League (AL) West,1
261,2017-07-22,July,Saturday,Boston Red Sox,Los Angeles Angels,American League (AL) West,0
262,2017-07-23,July,Sunday,Boston Red Sox,Los Angeles Angels,American League (AL) West,0
263,2017-07-24,July,Monday,Boston Red Sox,Seattle Mariners,American League (AL) Central,0
264,2017-07-25,July,Tuesday,Boston Red Sox,Seattle Mariners,American League (AL) Central,0
265,2017-07-26,July,Wednesday,Boston Red Sox,Seattle Mariners,American League (AL) Central,1
266,2017-07-28,July,Friday,Boston Red Sox,Kansas City Royals,American League (AL) West,0
267,2017-07-29,July,Saturday,Boston Red Sox,Kansas City Royals,American League (AL) West,1
268,2017-07-30,July,Sunday,Boston Red Sox,Kansas City Royals,American League (AL) West,0
269,2017-07-31,July,Monday,Boston Red Sox,Cleveland Guardians (Indians),American League (AL) Central,1
270,2017-08-01,August,Tuesday,Boston Red Sox,Cleveland Guardians (Indians),American League (AL) Central,1
271,2017-08-03,August,Thursday,Boston Red Sox,Chicago White Sox,American League (AL) Central,1
272,2017-08-04,August,Friday,Boston Red Sox,Chicago White Sox,American League (AL) Central,1
273,2017-08-05,August,Saturday,Boston Red Sox,Chicago White Sox,American League (AL) Central,1
274,2017-08-06,August,Sunday,Boston Red Sox,Chicago White Sox,American League (AL) Central,1
275,2017-08-08,August,Tuesday,Boston Red Sox,Tampa Bay Rays,American League (AL) East,1
276,2017-08-09,August,Wednesday,Boston Red Sox,Tampa Bay Rays,American League (AL) East,1
277,2017-08-11,August,Friday,Boston Red Sox,New York Yankees,American League (AL) East,0
278,2017-08-12,August,Saturday,Boston Red Sox,New York Yankees,American League (AL) East,1
279,2017-08-13,August,Sunday,Boston Red Sox,New York Yankees,American League (AL) East,1
280,2017-08-14,August,Monday,Boston Red Sox,Cleveland Guardians (Indians),American League (AL) Central,0
281,2017-08-15,August,Tuesday,Boston Red Sox,St. Louis Cardinals,National League (NL) Central,1
282,2017-08-16,August,Wednesday,Boston Red Sox,St. Louis Cardinals,National League (NL) Central,1
283,2017-08-18,August,Friday,Boston Red Sox,New York Yankees,American League (AL) East,1
284,2017-08-19,August,Saturday,Boston Red Sox,New York Yankees,American League (AL) East,0
285,2017-08-20,August,Sunday,Boston Red Sox,New York Yankees,American League (AL) East,1
286,2017-08-21,August,Monday,Boston Red Sox,Cleveland Guardians (Indians),American League (AL) Central,0
287,2017-08-22,August,Tuesday,Boston Red Sox,Cleveland Guardians (Indians),American League (AL) Central,1
288,2017-08-23,August,Wednesday,Boston Red Sox,Cleveland Guardians (Indians),American League (AL) Central,1
289,2017-08-24,August,Thursday,Boston Red Sox,Cleveland Guardians (Indians),American League (AL) Central,0
290,2017-08-25,August,Friday,Boston Red Sox,Baltimore Orioles,American League (AL) East,0
291,2017-08-26,August,Saturday,Boston Red Sox,Baltimore Orioles,American League (AL) East,0
292,2017-08-27,August,Sunday,Boston Red Sox,Baltimore Orioles,American League (AL) East,0
293,2017-08-28,August,Monday,Boston Red Sox,Toronto Blue Jays,American League (AL) East,1
294,2017-08-29,August,Tuesday,Boston Red Sox,Toronto Blue Jays,American League (AL) East,1
295,2017-08-30,August,Wednesday,Boston Red Sox,Toronto Blue Jays,American League (AL) East,1
296,2017-08-31,August,Thursday,Boston Red Sox,New York Yankees,American League (AL) East,0
297,2017-09-01,September,Friday,Boston Red Sox,New York Yankees,American League (AL) East,1
298,2017-09-02,September,Saturday,Boston Red Sox,New York Yankees,American League (AL) East,0
299,2017-09-03,September,Sunday,Boston Red Sox,New York Yankees,American League (AL) East,0
300,2017-09-04,September,Monday,Boston Red Sox,Toronto Blue Jays,American League (AL) East,0
301,2017-09-05,September,Tuesday,Boston Red Sox,Toronto Blue Jays,American League (AL) East,1
302,2017-09-06,September,Wednesday,Boston Red Sox,Toronto Blue Jays,American League (AL) East,1
303,2017-09-08,September,Friday,Boston Red Sox,Tampa Bay Rays,American League (AL) East,1
304,2017-09-09,September,Saturday,Boston Red Sox,Tampa Bay Rays,American League (AL) East,1
305,2017-09-10,September,Sunday,Boston Red Sox,Tampa Bay Rays,American League (AL) East,0
306,2017-09-12,September,Tuesday,Boston Red Sox,Oakland Athletics,American League (AL) West,1
307,2017-09-13,September,Wednesday,Boston Red Sox,Oakland Athletics,American League (AL) West,0
308,2017-09-14,September,Thursday,Boston Red Sox,Oakland Athletics,American League (AL) West,1
309,2017-09-15,September,Friday,Boston Red Sox,Tampa Bay Rays,American League (AL) East,1
310,2017-09-16,September,Saturday,Boston Red Sox,Tampa Bay Rays,American League (AL) East,1
311,2017-09-17,September,Sunday,Boston Red Sox,Tampa Bay Rays,American League (AL) East,0
312,2017-09-18,September,Monday,Boston Red Sox,Baltimore Orioles,American League (AL) East,1
313,2017-09-19,September,Tuesday,Boston Red Sox,Baltimore Orioles,American League (AL) East,1
314,2017-09-20,September,Wednesday,Boston Red Sox,Baltimore Orioles,American League (AL) East,1
315,2017-09-22,September,Friday,Boston Red Sox,Cincinnati Reds,National League (NL) Central,1
316,2017-09-23,September,Saturday,Boston Red Sox,Cincinnati Reds,National League (NL) Central,1
317,2017-09-24,September,Sunday,Boston Red Sox,Cincinnati Reds,National League (NL) Central,1
318,2017-09-25,September,Monday,Boston Red Sox,Toronto Blue Jays,American League (AL) East,0
319,2017-09-26,September,Tuesday,Boston Red Sox,Toronto Blue Jays,American League (AL) East,0
320,2017-09-27,September,Wednesday,Boston Red Sox,Toronto Blue Jays,American League (AL) East,1
321,2017-09-28,September,Thursday,Boston Red Sox,Houston Astros,American League (AL) Central,0
322,2017-09-29,September,Friday,Boston Red Sox,Houston Astros,American League (AL) Central,0
323,2017-09-30,September,Saturday,Boston Red Sox,Houston Astros,American League (AL) Central,1
324,2017-10-01,October,Sunday,Boston Red Sox,Houston Astros,American League (AL) Central,0
325,2018-03-29,March,Thursday,Boston Red Sox,Tampa Bay Rays,American League (AL) East,0
326,2018-03-30,March,Friday,Boston Red Sox,Tampa Bay Rays,American League (AL) East,1
327,2018-03-31,March,Saturday,Boston Red Sox,Tampa Bay Rays,American League (AL) East,1
328,2018-04-01,April,Sunday,Boston Red Sox,Tampa Bay Rays,American League (AL) East,1
329,2018-04-02,April,Monday,Boston Red Sox,Miami Marlins,National League (NL) East,1
330,2018-04-03,April,Tuesday,Boston Red Sox,Miami Marlins,National League (NL) East,1
331,2018-04-05,April,Thursday,Boston Red Sox,Tampa Bay Rays,American League (AL) East,1
332,2018-04-07,April,Saturday,Boston Red Sox,Tampa Bay Rays,American League (AL) East,1
333,2018-04-08,April,Sunday,Boston Red Sox,Tampa Bay Rays,American League (AL) East,1
334,2018-04-10,April,Tuesday,Boston Red Sox,New York Yankees,American League (AL) East,1
335,2018-04-11,April,Wednesday,Boston Red Sox,New York Yankees,American League (AL) East,0
336,2018-04-12,April,Thursday,Boston Red Sox,New York Yankees,American League (AL) East,1
337,2018-04-13,April,Friday,Boston Red Sox,Baltimore Orioles,American League (AL) East,1
338,2018-04-14,April,Saturday,Boston Red Sox,Baltimore Orioles,American League (AL) East,1
339,2018-04-15,April,Sunday,Boston Red Sox,Baltimore Orioles,American League (AL) East,1
340,2018-04-17,April,Tuesday,Boston Red Sox,Los Angeles Angels,American League (AL) West,1
341,2018-04-18,April,Wednesday,Boston Red Sox,Los Angeles Angels,American League (AL) West,1
342,2018-04-19,April,Thursday,Boston Red Sox,Los Angeles Angels,American League (AL) West,1
343,2018-04-20,April,Friday,Boston Red Sox,Oakland Athletics,American League (AL) West,1
344,2018-04-21,April,Saturday,Boston Red Sox,Oakland Athletics,American League (AL) West,0
345,2018-04-22,April,Sunday,Boston Red Sox,Oakland Athletics,American League (AL) West,0
346,2018-04-24,April,Tuesday,Boston Red Sox,Toronto Blue Jays,American League (AL) East,0
347,2018-04-25,April,Wednesday,Boston Red Sox,Toronto Blue Jays,American League (AL) East,1
348,2018-04-26,April,Thursday,Boston Red Sox,Toronto Blue Jays,American League (AL) East,1
349,2018-04-27,April,Friday,Boston Red Sox,Tampa Bay Rays,American League (AL) East,0
350,2018-04-28,April,Saturday,Boston Red Sox,Tampa Bay Rays,American League (AL) East,0
351,2018-04-29,April,Sunday,Boston Red Sox,Tampa Bay Rays,American League (AL) East,1
352,2018-04-30,April,Monday,Boston Red Sox,Kansas City Royals,American League (AL) West,1
353,2018-05-01,May,Tuesday,Boston Red Sox,Kansas City Royals,American League (AL) West,0
354,2018-05-02,May,Wednesday,Boston Red Sox,Kansas City Royals,American League (AL) West,1
355,2018-05-03,May,Thursday,Boston Red Sox,Texas Rangers,American League (AL) Central,0
356,2018-05-04,May,Friday,Boston Red Sox,Texas Rangers,American League (AL) Central,1
357,2018-05-05,May,Saturday,Boston Red Sox,Texas Rangers,American League (AL) Central,1
358,2018-05-06,May,Sunday,Boston Red Sox,Texas Rangers,American League (AL) Central,1
359,2018-05-08,May,Tuesday,Boston Red Sox,New York Yankees,American League (AL) East,0
360,2018-05-09,May,Wednesday,Boston Red Sox,New York Yankees,American League (AL) East,0
361,2018-05-10,May,Thursday,Boston Red Sox,New York Yankees,American League (AL) East,1
362,2018-05-11,May,Friday,Boston Red Sox,Toronto Blue Jays,American League (AL) East,0
363,2018-05-12,May,Saturday,Boston Red Sox,Toronto Blue Jays,American League (AL) East,1
364,2018-05-13,May,Sunday,Boston Red Sox,Toronto Blue Jays,American League (AL) East,1
365,2018-05-14,May,Monday,Boston Red Sox,Oakland Athletics,American League (AL) West,0
366,2018-05-15,May,Tuesday,Boston Red Sox,Oakland Athletics,American League (AL) West,0
367,2018-05-16,May,Wednesday,Boston Red Sox,Oakland Athletics,American League (AL) West,1
368,2018-05-17,May,Thursday,Boston Red Sox,Baltimore Orioles,American League (AL) East,1
369,2018-05-18,May,Friday,Boston Red Sox,Baltimore Orioles,American League (AL) East,0
370,2018-05-19,May,Saturday,Boston Red Sox,Baltimore Orioles,American League (AL) East,1
371,2018-05-20,May,Sunday,Boston Red Sox,Baltimore Orioles,American League (AL) East,1
372,2018-05-22,May,Tuesday,Boston Red Sox,Tampa Bay Rays,American League (AL) East,1
373,2018-05-23,May,Wednesday,Boston Red Sox,Tampa Bay Rays,American League (AL) East,1
374,2018-05-24,May,Thursday,Boston Red Sox,Tampa Bay Rays,American League (AL) East,0
375,2018-05-25,May,Friday,Boston Red Sox,Atlanta Braves,National League (NL) East,1
376,2018-05-26,May,Saturday,Boston Red Sox,Atlanta Braves,National League (NL) East,1
377,2018-05-27,May,Sunday,Boston Red Sox,Atlanta Braves,National League (NL) East,0
378,2018-05-28,May,Monday,Boston Red Sox,Toronto Blue Jays,American League (AL) East,1
379,2018-05-29,May,Tuesday,Boston Red Sox,Toronto Blue Jays,American League (AL) East,1
380,2018-05-30,May,Wednesday,Boston Red Sox,Toronto Blue Jays,American League (AL) East,1
381,2018-05-31,May,Thursday,Boston Red Sox,Houston Astros,American League (AL) Central,0
382,2018-06-01,June,Friday,Boston Red Sox,Houston Astros,American League (AL) Central,0
383,2018-06-02,June,Saturday,Boston Red Sox,Houston Astros,American League (AL) Central,1
384,2018-06-03,June,Sunday,Boston Red Sox,Houston Astros,American League (AL) Central,1
385,2018-06-05,June,Tuesday,Boston Red Sox,Detroit Tigers,American League (AL) Central,1
386,2018-06-06,June,Wednesday,Boston Red Sox,Detroit Tigers,American League (AL) Central,1
387,2018-06-07,June,Thursday,Boston Red Sox,Detroit Tigers,American League (AL) Central,0
388,2018-06-08,June,Friday,Boston Red Sox,Chicago White Sox,American League (AL) Central,0
389,2018-06-09,June,Saturday,Boston Red Sox,Chicago White Sox,American League (AL) Central,1
390,2018-06-10,June,Sunday,Boston Red Sox,Chicago White Sox,American League (AL) Central,0
391,2018-06-11,June,Monday,Boston Red Sox,Baltimore Orioles,American League (AL) East,1
392,2018-06-12,June,Tuesday,Boston Red Sox,Baltimore Orioles,American League (AL) East,1
393,2018-06-13,June,Wednesday,Boston Red Sox,Baltimore Orioles,American League (AL) East,1
394,2018-06-14,June,Thursday,Boston Red Sox,Seattle Mariners,American League (AL) Central,1
395,2018-06-15,June,Friday,Boston Red Sox,Seattle Mariners,American League (AL) Central,0
396,2018-06-16,June,Saturday,Boston Red Sox,Seattle Mariners,American League (AL) Central,0
397,2018-06-17,June,Sunday,Boston Red Sox,Seattle Mariners,American League (AL) Central,1
398,2018-06-19,June,Tuesday,Boston Red Sox,Minnesota Twins,American League (AL) Central,0
399,2018-06-20,June,Wednesday,Boston Red Sox,Minnesota Twins,American League (AL) Central,0
400,2018-06-21,June,Thursday,Boston Red Sox,Minnesota Twins,American League (AL) Central,1
401,2018-06-22,June,Friday,Boston Red Sox,Seattle Mariners,American League (AL) Central,1
402,2018-06-23,June,Saturday,Boston Red Sox,Seattle Mariners,American League (AL) Central,0
403,2018-06-24,June,Sunday,Boston Red Sox,Seattle Mariners,American League (AL) Central,1
404,2018-06-26,June,Tuesday,Boston Red Sox,Los Angeles Angels,American League (AL) West,1
405,2018-06-27,June,Wednesday,Boston Red Sox,Los Angeles Angels,American League (AL) West,1
406,2018-06-28,June,Thursday,Boston Red Sox,Los Angeles Angels,American League (AL) West,1
407,2018-06-29,June,Friday,Boston Red Sox,New York Yankees,American League (AL) East,0
408,2018-06-30,June,Saturday,Boston Red Sox,New York Yankees,American League (AL) East,1
409,2018-07-01,July,Sunday,Boston Red Sox,New York Yankees,American League (AL) East,0
410,2018-07-02,July,Monday,Boston Red Sox,Washington Nationals,National League (NL) East,1
411,2018-07-03,July,Tuesday,Boston Red Sox,Washington Nationals,National League (NL) East,1
412,2018-07-04,July,Wednesday,Boston Red Sox,Washington Nationals,National League (NL) East,1
413,2018-07-06,July,Friday,Boston Red Sox,Kansas City Royals,American League (AL) West,1
414,2018-07-07,July,Saturday,Boston Red Sox,Kansas City Royals,American League (AL) West,1
415,2018-07-08,July,Sunday,Boston Red Sox,Kansas City Royals,American League (AL) West,1
416,2018-07-09,July,Monday,Boston Red Sox,Texas Rangers,American League (AL) Central,1
417,2018-07-10,July,Tuesday,Boston Red Sox,Texas Rangers,American League (AL) Central,1
418,2018-07-11,July,Wednesday,Boston Red Sox,Texas Rangers,American League (AL) Central,1
419,2018-07-12,July,Thursday,Boston Red Sox,Toronto Blue Jays,American League (AL) East,1
420,2018-07-13,July,Friday,Boston Red Sox,Toronto Blue Jays,American League (AL) East,0
421,2018-07-14,July,Saturday,Boston Red Sox,Toronto Blue Jays,American League (AL) East,1
422,2018-07-15,July,Sunday,Boston Red Sox,Toronto Blue Jays,American League (AL) East,1
423,2018-07-20,July,Friday,Boston Red Sox,Detroit Tigers,American League (AL) Central,1
424,2018-07-21,July,Saturday,Boston Red Sox,Detroit Tigers,American League (AL) Central,0
425,2018-07-22,July,Sunday,Boston Red Sox,Detroit Tigers,American League (AL) Central,1
426,2018-07-23,July,Monday,Boston Red Sox,Baltimore Orioles,American League (AL) East,1
427,2018-07-24,July,Tuesday,Boston Red Sox,Baltimore Orioles,American League (AL) East,0
428,2018-07-26,July,Thursday,Boston Red Sox,Minnesota Twins,American League (AL) Central,0
429,2018-07-27,July,Friday,Boston Red Sox,Minnesota Twins,American League (AL) Central,1
430,2018-07-28,July,Saturday,Boston Red Sox,Minnesota Twins,American League (AL) Central,1
431,2018-07-29,July,Sunday,Boston Red Sox,Minnesota Twins,American League (AL) Central,1
432,2018-07-30,July,Monday,Boston Red Sox,Philadelphia Phillies,American League (AL) West,1
433,2018-07-31,July,Tuesday,Boston Red Sox,Philadelphia Phillies,American League (AL) West,0
434,2018-08-02,August,Thursday,Boston Red Sox,New York Yankees,American League (AL) East,1
435,2018-08-03,August,Friday,Boston Red Sox,New York Yankees,American League (AL) East,1
436,2018-08-04,August,Saturday,Boston Red Sox,New York Yankees,American League (AL) East,1
437,2018-08-05,August,Sunday,Boston Red Sox,New York Yankees,American League (AL) East,1
438,2018-08-07,August,Tuesday,Boston Red Sox,Toronto Blue Jays,American League (AL) East,1
439,2018-08-08,August,Wednesday,Boston Red Sox,Toronto Blue Jays,American League (AL) East,1
440,2018-08-09,August,Thursday,Boston Red Sox,Toronto Blue Jays,American League (AL) East,0
441,2018-08-10,August,Friday,Boston Red Sox,Baltimore Orioles,American League (AL) East,1
442,2018-08-11,August,Saturday,Boston Red Sox,Baltimore Orioles,American League (AL) East,1
443,2018-08-11,August,Saturday,Boston Red Sox,Baltimore Orioles,American League (AL) East,1
444,2018-08-12,August,Sunday,Boston Red Sox,Baltimore Orioles,American League (AL) East,1
445,2018-08-14,August,Tuesday,Boston Red Sox,Philadelphia Phillies,American League (AL) West,1
446,2018-08-15,August,Wednesday,Boston Red Sox,Philadelphia Phillies,American League (AL) West,0
447,2018-08-17,August,Friday,Boston Red Sox,Tampa Bay Rays,American League (AL) East,1
448,2018-08-18,August,Saturday,Boston Red Sox,Tampa Bay Rays,American League (AL) East,1
449,2018-08-19,August,Sunday,Boston Red Sox,Tampa Bay Rays,American League (AL) East,0
450,2018-08-20,August,Monday,Boston Red Sox,Cleveland Guardians (Indians),American League (AL) Central,0
451,2018-08-21,August,Tuesday,Boston Red Sox,Cleveland Guardians (Indians),American League (AL) Central,0
452,2018-08-22,August,Wednesday,Boston Red Sox,Cleveland Guardians (Indians),American League (AL) Central,1
453,2018-08-23,August,Thursday,Boston Red Sox,Cleveland Guardians (Indians),American League (AL) Central,1
454,2018-08-24,August,Friday,Boston Red Sox,Tampa Bay Rays,American League (AL) East,0
455,2018-08-25,August,Saturday,Boston Red Sox,Tampa Bay Rays,American League (AL) East,0
456,2018-08-26,August,Sunday,Boston Red Sox,Tampa Bay Rays,American League (AL) East,0
457,2018-08-28,August,Tuesday,Boston Red Sox,Miami Marlins,National League (NL) East,1
458,2018-08-29,August,Wednesday,Boston Red Sox,Miami Marlins,National League (NL) East,1
459,2018-08-30,August,Thursday,Boston Red Sox,Chicago White Sox,American League (AL) Central,1
460,2018-08-31,August,Friday,Boston Red Sox,Chicago White Sox,American League (AL) Central,0
461,2018-09-01,September,Saturday,Boston Red Sox,Chicago White Sox,American League (AL) Central,1
462,2018-09-02,September,Sunday,Boston Red Sox,Chicago White Sox,American League (AL) Central,0
463,2018-09-03,September,Monday,Boston Red Sox,Atlanta Braves,National League (NL) East,1
464,2018-09-04,September,Tuesday,Boston Red Sox,Atlanta Braves,National League (NL) East,1
465,2018-09-05,September,Wednesday,Boston Red Sox,Atlanta Braves,National League (NL) East,1
466,2018-09-07,September,Friday,Boston Red Sox,Houston Astros,American League (AL) Central,0
467,2018-09-08,September,Saturday,Boston Red Sox,Houston Astros,American League (AL) Central,0
468,2018-09-09,September,Sunday,Boston Red Sox,Houston Astros,American League (AL) Central,1
469,2018-09-11,September,Tuesday,Boston Red Sox,Toronto Blue Jays,American League (AL) East,1
470,2018-09-12,September,Wednesday,Boston Red Sox,Toronto Blue Jays,American League (AL) East,1
471,2018-09-13,September,Thursday,Boston Red Sox,Toronto Blue Jays,American League (AL) East,1
472,2018-09-14,September,Friday,Boston Red Sox,New York Mets,National League (NL) East,0
473,2018-09-15,September,Saturday,Boston Red Sox,New York Mets,National League (NL) East,1
474,2018-09-16,September,Sunday,Boston Red Sox,New York Mets,National League (NL) East,1
475,2018-09-18,September,Tuesday,Boston Red Sox,New York Yankees,American League (AL) East,0
476,2018-09-19,September,Wednesday,Boston Red Sox,New York Yankees,American League (AL) East,0
477,2018-09-20,September,Thursday,Boston Red Sox,New York Yankees,American League (AL) East,1
478,2018-09-21,September,Friday,Boston Red Sox,Cleveland Guardians (Indians),American League (AL) Central,1
479,2018-09-22,September,Saturday,Boston Red Sox,Cleveland Guardians (Indians),American League (AL) Central,0
480,2018-09-23,September,Sunday,Boston Red Sox,Cleveland Guardians (Indians),American League (AL) Central,0
481,2018-09-24,September,Monday,Boston Red Sox,Baltimore Orioles,American League (AL) East,1
482,2018-09-26,September,Wednesday,Boston Red Sox,Baltimore Orioles,American League (AL) East,1
483,2018-09-26,September,Wednesday,Boston Red Sox,Baltimore Orioles,American League (AL) East,0
484,2018-09-28,September,Friday,Boston Red Sox,New York Yankees,American League (AL) East,0
485,2018-09-29,September,Saturday,Boston Red Sox,New York Yankees,American League (AL) East,0
486,2018-09-30,September,Sunday,Boston Red Sox,New York Yankees,American League (AL) East,1
487,2019-03-28,March,Thursday,Boston Red Sox,Seattle Mariners,American League (AL) Central,0
488,2019-03-29,March,Friday,Boston Red Sox,Seattle Mariners,American League (AL) Central,1
489,2019-03-30,March,Saturday,Boston Red Sox,Seattle Mariners,American League (AL) Central,0
490,2019-03-31,March,Sunday,Boston Red Sox,Seattle Mariners,American League (AL) Central,0
491,2019-04-01,April,Monday,Boston Red Sox,Oakland Athletics,American League (AL) West,0
492,2019-04-02,April,Tuesday,Boston Red Sox,Oakland Athletics,American League (AL) West,0
493,2019-04-03,April,Wednesday,Boston Red Sox,Oakland Athletics,American League (AL) West,1
494,2019-04-04,April,Thursday,Boston Red Sox,Oakland Athletics,American League (AL) West,0
495,2019-04-05,April,Friday,Boston Red Sox,Arizona Diamondbacks,National League (NL) West,0
496,2019-04-06,April,Saturday,Boston Red Sox,Arizona Diamondbacks,National League (NL) West,0
497,2019-04-07,April,Sunday,Boston Red Sox,Arizona Diamondbacks,National League (NL) West,1
498,2019-04-09,April,Tuesday,Boston Red Sox,Toronto Blue Jays,American League (AL) East,0
499,2019-04-11,April,Thursday,Boston Red Sox,Toronto Blue Jays,American League (AL) East,1
500,2019-04-12,April,Friday,Boston Red Sox,Baltimore Orioles,American League (AL) East,1
501,2019-04-13,April,Saturday,Boston Red Sox,Baltimore Orioles,American League (AL) East,0
502,2019-04-14,April,Sunday,Boston Red Sox,Baltimore Orioles,American League (AL) East,1
503,2019-04-15,April,Monday,Boston Red Sox,Baltimore Orioles,American League (AL) East,0
504,2019-04-16,April,Tuesday,Boston Red Sox,New York Yankees,American League (AL) East,0
505,2019-04-17,April,Wednesday,Boston Red Sox,New York Yankees,American League (AL) East,0
506,2019-04-19,April,Friday,Boston Red Sox,Tampa Bay Rays,American League (AL) East,1
507,2019-04-20,April,Saturday,Boston Red Sox,Tampa Bay Rays,American League (AL) East,1
508,2019-04-21,April,Sunday,Boston Red Sox,Tampa Bay Rays,American League (AL) East,1
509,2019-04-23,April,Tuesday,Boston Red Sox,Detroit Tigers,American League (AL) Central,0
510,2019-04-23,April,Tuesday,Boston Red Sox,Detroit Tigers,American League (AL) Central,0
511,2019-04-24,April,Wednesday,Boston Red Sox,Detroit Tigers,American League (AL) Central,1
512,2019-04-25,April,Thursday,Boston Red Sox,Detroit Tigers,American League (AL) Central,1
513,2019-04-27,April,Saturday,Boston Red Sox,Tampa Bay Rays,American League (AL) East,0
514,2019-04-28,April,Sunday,Boston Red Sox,Tampa Bay Rays,American League (AL) East,0
515,2019-04-29,April,Monday,Boston Red Sox,Oakland Athletics,American League (AL) West,1
516,2019-04-30,April,Tuesday,Boston Red Sox,Oakland Athletics,American League (AL) West,1
517,2019-05-01,May,Wednesday,Boston Red Sox,Oakland Athletics,American League (AL) West,1
518,2019-05-02,May,Thursday,Boston Red Sox,Chicago White Sox,American League (AL) Central,0
519,2019-05-03,May,Friday,Boston Red Sox,Chicago White Sox,American League (AL) Central,1
520,2019-05-04,May,Saturday,Boston Red Sox,Chicago White Sox,American League (AL) Central,1
521,2019-05-05,May,Sunday,Boston Red Sox,Chicago White Sox,American League (AL) Central,1
522,2019-05-06,May,Monday,Boston Red Sox,Baltimore Orioles,American League (AL) East,0
523,2019-05-07,May,Tuesday,Boston Red Sox,Baltimore Orioles,American League (AL) East,1
524,2019-05-08,May,Wednesday,Boston Red Sox,Baltimore Orioles,American League (AL) East,1
525,2019-05-10,May,Friday,Boston Red Sox,Seattle Mariners,American League (AL) Central,1
526,2019-05-11,May,Saturday,Boston Red Sox,Seattle Mariners,American League (AL) Central,1
527,2019-05-12,May,Sunday,Boston Red Sox,Seattle Mariners,American League (AL) Central,1
528,2019-05-14,May,Tuesday,Boston Red Sox,Colorado Rockies,National League (NL) West,0
529,2019-05-15,May,Wednesday,Boston Red Sox,Colorado Rockies,National League (NL) West,1
530,2019-05-17,May,Friday,Boston Red Sox,Houston Astros,American League (AL) Central,0
531,2019-05-18,May,Saturday,Boston Red Sox,Houston Astros,American League (AL) Central,0
532,2019-05-19,May,Sunday,Boston Red Sox,Houston Astros,American League (AL) Central,1
533,2019-05-20,May,Monday,Boston Red Sox,Toronto Blue Jays,American League (AL) East,1
534,2019-05-21,May,Tuesday,Boston Red Sox,Toronto Blue Jays,American League (AL) East,0
535,2019-05-22,May,Wednesday,Boston Red Sox,Toronto Blue Jays,American League (AL) East,1
536,2019-05-23,May,Thursday,Boston Red Sox,Toronto Blue Jays,American League (AL) East,1
537,2019-05-24,May,Friday,Boston Red Sox,Houston Astros,American League (AL) Central,0
538,2019-05-25,May,Saturday,Boston Red Sox,Houston Astros,American League (AL) Central,0
539,2019-05-26,May,Sunday,Boston Red Sox,Houston Astros,American League (AL) Central,1
540,2019-05-27,May,Monday,Boston Red Sox,Cleveland Guardians (Indians),American League (AL) Central,1
541,2019-05-28,May,Tuesday,Boston Red Sox,Cleveland Guardians (Indians),American League (AL) Central,0
542,2019-05-29,May,Wednesday,Boston Red Sox,Cleveland Guardians (Indians),American League (AL) Central,0
543,2019-05-31,May,Friday,Boston Red Sox,New York Yankees,American League (AL) East,0
544,2019-06-01,June,Saturday,Boston Red Sox,New York Yankees,American League (AL) East,0
545,2019-06-02,June,Sunday,Boston Red Sox,New York Yankees,American League (AL) East,1
546,2019-06-04,June,Tuesday,Boston Red Sox,Kansas City Royals,American League (AL) West,1
547,2019-06-05,June,Wednesday,Boston Red Sox,Kansas City Royals,American League (AL) West,1
548,2019-06-06,June,Thursday,Boston Red Sox,Kansas City Royals,American League (AL) West,1
549,2019-06-07,June,Friday,Boston Red Sox,Tampa Bay Rays,American League (AL) East,0
550,2019-06-08,June,Saturday,Boston Red Sox,Tampa Bay Rays,American League (AL) East,0
551,2019-06-08,June,Saturday,Boston Red Sox,Tampa Bay Rays,American League (AL) East,1
552,2019-06-09,June,Sunday,Boston Red Sox,Tampa Bay Rays,American League (AL) East,0
553,2019-06-10,June,Monday,Boston Red Sox,Texas Rangers,American League (AL) Central,0
554,2019-06-11,June,Tuesday,Boston Red Sox,Texas Rangers,American League (AL) Central,0
555,2019-06-12,June,Wednesday,Boston Red Sox,Texas Rangers,American League (AL) Central,1
556,2019-06-13,June,Thursday,Boston Red Sox,Texas Rangers,American League (AL) Central,1
557,2019-06-14,June,Friday,Boston Red Sox,Baltimore Orioles,American League (AL) East,1
558,2019-06-15,June,Saturday,Boston Red Sox,Baltimore Orioles,American League (AL) East,1
559,2019-06-16,June,Sunday,Boston Red Sox,Baltimore Orioles,American League (AL) East,1
560,2019-06-17,June,Monday,Boston Red Sox,Minnesota Twins,American League (AL) Central,1
561,2019-06-18,June,Tuesday,Boston Red Sox,Minnesota Twins,American League (AL) Central,0
562,2019-06-19,June,Wednesday,Boston Red Sox,Minnesota Twins,American League (AL) Central,1
563,2019-06-21,June,Friday,Boston Red Sox,Toronto Blue Jays,American League (AL) East,1
564,2019-06-22,June,Saturday,Boston Red Sox,Toronto Blue Jays,American League (AL) East,0
565,2019-06-23,June,Sunday,Boston Red Sox,Toronto Blue Jays,American League (AL) East,0
566,2019-06-24,June,Monday,Boston Red Sox,Chicago White Sox,American League (AL) Central,1
567,2019-06-25,June,Tuesday,Boston Red Sox,Chicago White Sox,American League (AL) Central,1
568,2019-06-26,June,Wednesday,Boston Red Sox,Chicago White Sox,American League (AL) Central,0
569,2019-06-29,June,Saturday,Boston Red Sox,New York Yankees,American League (AL) East,0
570,2019-06-30,June,Sunday,Boston Red Sox,New York Yankees,American League (AL) East,0
571,2019-07-02,July,Tuesday,Boston Red Sox,Toronto Blue Jays,American League (AL) East,1
572,2019-07-03,July,Wednesday,Boston Red Sox,Toronto Blue Jays,American League (AL) East,0
573,2019-07-04,July,Thursday,Boston Red Sox,Toronto Blue Jays,American League (AL) East,1
574,2019-07-05,July,Friday,Boston Red Sox,Detroit Tigers,American League (AL) Central,1
575,2019-07-06,July,Saturday,Boston Red Sox,Detroit Tigers,American League (AL) Central,1
576,2019-07-07,July,Sunday,Boston Red Sox,Detroit Tigers,American League (AL) Central,1
577,2019-07-12,July,Friday,Boston Red Sox,Los Angeles Dodgers,National League (NL) West,1
578,2019-07-13,July,Saturday,Boston Red Sox,Los Angeles Dodgers,National League (NL) West,0
579,2019-07-14,July,Sunday,Boston Red Sox,Los Angeles Dodgers,National League (NL) West,0
580,2019-07-15,July,Monday,Boston Red Sox,Toronto Blue Jays,American League (AL) East,1
581,2019-07-16,July,Tuesday,Boston Red Sox,Toronto Blue Jays,American League (AL) East,0
582,2019-07-17,July,Wednesday,Boston Red Sox,Toronto Blue Jays,American League (AL) East,1
583,2019-07-18,July,Thursday,Boston Red Sox,Toronto Blue Jays,American League (AL) East,1
584,2019-07-19,July,Friday,Boston Red Sox,Baltimore Orioles,American League (AL) East,0
585,2019-07-20,July,Saturday,Boston Red Sox,Baltimore Orioles,American League (AL) East,1
586,2019-07-21,July,Sunday,Boston Red Sox,Baltimore Orioles,American League (AL) East,0
587,2019-07-22,July,Monday,Boston Red Sox,Tampa Bay Rays,American League (AL) East,1
588,2019-07-23,July,Tuesday,Boston Red Sox,Tampa Bay Rays,American League (AL) East,1
589,2019-07-24,July,Wednesday,Boston Red Sox,Tampa Bay Rays,American League (AL) East,0
590,2019-07-25,July,Thursday,Boston Red Sox,New York Yankees,American League (AL) East,1
591,2019-07-26,July,Friday,Boston Red Sox,New York Yankees,American League (AL) East,1
592,2019-07-27,July,Saturday,Boston Red Sox,New York Yankees,American League (AL) East,1
593,2019-07-28,July,Sunday,Boston Red Sox,New York Yankees,American League (AL) East,0
594,2019-07-30,July,Tuesday,Boston Red Sox,Tampa Bay Rays,American League (AL) East,0
595,2019-07-31,July,Wednesday,Boston Red Sox,Tampa Bay Rays,American League (AL) East,0
596,2019-08-01,August,Thursday,Boston Red Sox,Tampa Bay Rays,American League (AL) East,0
597,2019-08-02,August,Friday,Boston Red Sox,New York Yankees,American League (AL) East,0
598,2019-08-03,August,Saturday,Boston Red Sox,New York Yankees,American League (AL) East,0
599,2019-08-03,August,Saturday,Boston Red Sox,New York Yankees,American League (AL) East,0
600,2019-08-04,August,Sunday,Boston Red Sox,New York Yankees,American League (AL) East,0
601,2019-08-05,August,Monday,Boston Red Sox,Kansas City Royals,American League (AL) West,1
602,2019-08-06,August,Tuesday,Boston Red Sox,Kansas City Royals,American League (AL) West,0
603,2019-08-07,August,Wednesday,Boston Red Sox,Kansas City Royals,American League (AL) West,1
604,2019-08-08,August,Thursday,Boston Red Sox,Los Angeles Angels,American League (AL) West,1
605,2019-08-09,August,Friday,Boston Red Sox,Los Angeles Angels,American League (AL) West,1
606,2019-08-10,August,Saturday,Boston Red Sox,Los Angeles Angels,American League (AL) West,0
607,2019-08-11,August,Sunday,Boston Red Sox,Los Angeles Angels,American League (AL) West,0
608,2019-08-12,August,Monday,Boston Red Sox,Cleveland Guardians (Indians),American League (AL) Central,0
609,2019-08-13,August,Tuesday,Boston Red Sox,Cleveland Guardians (Indians),American League (AL) Central,1
610,2019-08-14,August,Wednesday,Boston Red Sox,Cleveland Guardians (Indians),American League (AL) Central,1
611,2019-08-16,August,Friday,Boston Red Sox,Baltimore Orioles,American League (AL) East,1
612,2019-08-17,August,Saturday,Boston Red Sox,Baltimore Orioles,American League (AL) East,1
613,2019-08-18,August,Sunday,Boston Red Sox,Baltimore Orioles,American League (AL) East,1
614,2019-08-20,August,Tuesday,Boston Red Sox,Philadelphia Phillies,American League (AL) West,0
615,2019-08-21,August,Wednesday,Boston Red Sox,Philadelphia Phillies,American League (AL) West,0
616,2019-08-23,August,Friday,Boston Red Sox,San Diego Padres,National League (NL) West,1
617,2019-08-24,August,Saturday,Boston Red Sox,San Diego Padres,National League (NL) West,1
618,2019-08-25,August,Sunday,Boston Red Sox,San Diego Padres,National League (NL) West,0
619,2019-08-27,August,Tuesday,Boston Red Sox,Colorado Rockies,National League (NL) West,1
620,2019-08-28,August,Wednesday,Boston Red Sox,Colorado Rockies,National League (NL) West,1
621,2019-08-30,August,Friday,Boston Red Sox,Los Angeles Angels,American League (AL) West,1
622,2019-08-31,August,Saturday,Boston Red Sox,Los Angeles Angels,American League (AL) West,0
623,2019-09-01,September,Sunday,Boston Red Sox,Los Angeles Angels,American League (AL) West,1
624,2019-09-03,September,Tuesday,Boston Red Sox,Minnesota Twins,American League (AL) Central,0
625,2019-09-04,September,Wednesday,Boston Red Sox,Minnesota Twins,American League (AL) Central,1
626,2019-09-05,September,Thursday,Boston Red Sox,Minnesota Twins,American League (AL) Central,0
627,2019-09-06,September,Friday,Boston Red Sox,New York Yankees,American League (AL) East,1
628,2019-09-07,September,Saturday,Boston Red Sox,New York Yankees,American League (AL) East,0
629,2019-09-08,September,Sunday,Boston Red Sox,New York Yankees,American League (AL) East,0
630,2019-09-09,September,Monday,Boston Red Sox,New York Yankees,American League (AL) East,0
631,2019-09-10,September,Tuesday,Boston Red Sox,Toronto Blue Jays,American League (AL) East,0
632,2019-09-11,September,Wednesday,Boston Red Sox,Toronto Blue Jays,American League (AL) East,0
633,2019-09-12,September,Thursday,Boston Red Sox,Toronto Blue Jays,American League (AL) East,1
634,2019-09-14,September,Saturday,Boston Red Sox,Philadelphia Phillies,American League (AL) West,1
635,2019-09-15,September,Sunday,Boston Red Sox,Philadelphia Phillies,American League (AL) West,1
636,2019-09-17,September,Tuesday,Boston Red Sox,San Francisco Giants,National League (NL) West,0
637,2019-09-18,September,Wednesday,Boston Red Sox,San Francisco Giants,National League (NL) West,0
638,2019-09-19,September,Thursday,Boston Red Sox,San Francisco Giants,National League (NL) West,1
639,2019-09-20,September,Friday,Boston Red Sox,Tampa Bay Rays,American League (AL) East,0
640,2019-09-21,September,Saturday,Boston Red Sox,Tampa Bay Rays,American League (AL) East,0
641,2019-09-22,September,Sunday,Boston Red Sox,Tampa Bay Rays,American League (AL) East,1
642,2019-09-23,September,Monday,Boston Red Sox,Tampa Bay Rays,American League (AL) East,0
643,2019-09-24,September,Tuesday,Boston Red Sox,Texas Rangers,American League (AL) Central,1
644,2019-09-25,September,Wednesday,Boston Red Sox,Texas Rangers,American League (AL) Central,1
645,2019-09-26,September,Thursday,Boston Red Sox,Texas Rangers,American League (AL) Central,0
646,2019-09-27,September,Friday,Boston Red Sox,Baltimore Orioles,American League (AL) East,0
647,2019-09-28,September,Saturday,Boston Red Sox,Baltimore Orioles,American League (AL) East,0
648,2019-09-29,September,Sunday,Boston Red Sox,Baltimore Orioles,American League (AL) East,1
649,2020-07-24,July,Friday,Boston Red Sox,Baltimore Orioles,American League (AL) East,1
650,2020-07-25,July,Saturday,Boston Red Sox,Baltimore Orioles,American League (AL) East,0
651,2020-07-26,July,Sunday,Boston Red Sox,Baltimore Orioles,American League (AL) East,0
652,2020-07-27,July,Monday,Boston Red Sox,New York Mets,National League (NL) East,0
653,2020-07-28,July,Tuesday,Boston Red Sox,New York Mets,National League (NL) East,0
654,2020-07-29,July,Wednesday,Boston Red Sox,New York Mets,National League (NL) East,1
655,2020-07-30,July,Thursday,Boston Red Sox,New York Mets,National League (NL) East,1
656,2020-07-31,July,Friday,Boston Red Sox,New York Yankees,American League (AL) East,0
657,2020-08-01,August,Saturday,Boston Red Sox,New York Yankees,American League (AL) East,0
658,2020-08-02,August,Sunday,Boston Red Sox,New York Yankees,American League (AL) East,0
659,2020-08-04,August,Tuesday,Boston Red Sox,Tampa Bay Rays,American League (AL) East,0
660,2020-08-05,August,Wednesday,Boston Red Sox,Tampa Bay Rays,American League (AL) East,1
661,2020-08-07,August,Friday,Boston Red Sox,Toronto Blue Jays,American League (AL) East,1
662,2020-08-08,August,Saturday,Boston Red Sox,Toronto Blue Jays,American League (AL) East,0
663,2020-08-09,August,Sunday,Boston Red Sox,Toronto Blue Jays,American League (AL) East,1
664,2020-08-10,August,Monday,Boston Red Sox,Tampa Bay Rays,American League (AL) East,0
665,2020-08-11,August,Tuesday,Boston Red Sox,Tampa Bay Rays,American League (AL) East,0
666,2020-08-12,August,Wednesday,Boston Red Sox,Tampa Bay Rays,American League (AL) East,0
667,2020-08-13,August,Thursday,Boston Red Sox,Tampa Bay Rays,American League (AL) East,0
668,2020-08-14,August,Friday,Boston Red Sox,New York Yankees,American League (AL) East,0
669,2020-08-15,August,Saturday,Boston Red Sox,New York Yankees,American League (AL) East,0
670,2020-08-16,August,Sunday,Boston Red Sox,New York Yankees,American League (AL) East,0
671,2020-08-17,August,Monday,Boston Red Sox,New York Yankees,American League (AL) East,0
672,2020-08-18,August,Tuesday,Boston Red Sox,Philadelphia Phillies,American League (AL) West,0
673,2020-08-19,August,Wednesday,Boston Red Sox,Philadelphia Phillies,American League (AL) West,1
674,2020-08-20,August,Thursday,Boston Red Sox,Baltimore Orioles,American League (AL) East,1
675,2020-08-21,August,Friday,Boston Red Sox,Baltimore Orioles,American League (AL) East,1
676,2020-08-22,August,Saturday,Boston Red Sox,Baltimore Orioles,American League (AL) East,0
677,2020-08-23,August,Sunday,Boston Red Sox,Baltimore Orioles,American League (AL) East,0
678,2020-08-25,August,Tuesday,Boston Red Sox,Toronto Blue Jays,American League (AL) East,1
679,2020-08-26,August,Wednesday,Boston Red Sox,Toronto Blue Jays,American League (AL) East,0
680,2020-08-28,August,Friday,Boston Red Sox,Washington Nationals,National League (NL) East,0
681,2020-08-29,August,Saturday,Boston Red Sox,Washington Nationals,National League (NL) East,1
682,2020-08-30,August,Sunday,Boston Red Sox,Washington Nationals,National League (NL) East,1
683,2020-08-31,August,Monday,Boston Red Sox,Atlanta Braves,National League (NL) East,0
684,2020-09-01,September,Tuesday,Boston Red Sox,Atlanta Braves,National League (NL) East,0
685,2020-09-02,September,Wednesday,Boston Red Sox,Atlanta Braves,National League (NL) East,0
686,2020-09-03,September,Thursday,Boston Red Sox,Toronto Blue Jays,American League (AL) East,0
687,2020-09-04,September,Friday,Boston Red Sox,Toronto Blue Jays,American League (AL) East,0
688,2020-09-04,September,Friday,Boston Red Sox,Toronto Blue Jays,American League (AL) East,1
689,2020-09-05,September,Saturday,Boston Red Sox,Toronto Blue Jays,American League (AL) East,1
690,2020-09-06,September,Sunday,Boston Red Sox,Toronto Blue Jays,American League (AL) East,0
691,2020-09-08,September,Tuesday,Boston Red Sox,Philadelphia Phillies,American League (AL) West,0
692,2020-09-08,September,Tuesday,Boston Red Sox,Philadelphia Phillies,American League (AL) West,1
693,2020-09-10,September,Thursday,Boston Red Sox,Tampa Bay Rays,American League (AL) East,1
694,2020-09-11,September,Friday,Boston Red Sox,Tampa Bay Rays,American League (AL) East,0
695,2020-09-12,September,Saturday,Boston Red Sox,Tampa Bay Rays,American League (AL) East,0
696,2020-09-13,September,Sunday,Boston Red Sox,Tampa Bay Rays,American League (AL) East,1
697,2020-09-15,September,Tuesday,Boston Red Sox,Miami Marlins,National League (NL) East,1
698,2020-09-16,September,Wednesday,Boston Red Sox,Miami Marlins,National League (NL) East,0
699,2020-09-17,September,Thursday,Boston Red Sox,Miami Marlins,National League (NL) East,1
700,2020-09-18,September,Friday,Boston Red Sox,New York Yankees,American League (AL) East,0
701,2020-09-19,September,Saturday,Boston Red Sox,New York Yankees,American League (AL) East,0
702,2020-09-20,September,Sunday,Boston Red Sox,New York Yankees,American League (AL) East,1
703,2020-09-22,September,Tuesday,Boston Red Sox,Baltimore Orioles,American League (AL) East,1
704,2020-09-23,September,Wednesday,Boston Red Sox,Baltimore Orioles,American League (AL) East,1
705,2020-09-24,September,Thursday,Boston Red Sox,Baltimore Orioles,American League (AL) East,0
706,2020-09-25,September,Friday,Boston Red Sox,Atlanta Braves,National League (NL) East,0
707,2020-09-26,September,Saturday,Boston Red Sox,Atlanta Braves,National League (NL) East,1
708,2020-09-27,September,Sunday,Boston Red Sox,Atlanta Braves,National League (NL) East,1
709,2021-04-02,April,Friday,Boston Red Sox,Baltimore Orioles,American League (AL) East,0
710,2021-04-03,April,Saturday,Boston Red Sox,Baltimore Orioles,American League (AL) East,0
711,2021-04-04,April,Sunday,Boston Red Sox,Baltimore Orioles,American League (AL) East,0
712,2021-04-05,April,Monday,Boston Red Sox,Tampa Bay Rays,American League (AL) East,1
713,2021-04-06,April,Tuesday,Boston Red Sox,Tampa Bay Rays,American League (AL) East,1
714,2021-04-07,April,Wednesday,Boston Red Sox,Tampa Bay Rays,American League (AL) East,1
715,2021-04-08,April,Thursday,Boston Red Sox,Baltimore Orioles,American League (AL) East,1
716,2021-04-10,April,Saturday,Boston Red Sox,Baltimore Orioles,American League (AL) East,1
717,2021-04-11,April,Sunday,Boston Red Sox,Baltimore Orioles,American League (AL) East,1
718,2021-04-13,April,Tuesday,Boston Red Sox,Minnesota Twins,American League (AL) Central,1
719,2021-04-14,April,Wednesday,Boston Red Sox,Minnesota Twins,American League (AL) Central,1
720,2021-04-14,April,Wednesday,Boston Red Sox,Minnesota Twins,American League (AL) Central,1
721,2021-04-15,April,Thursday,Boston Red Sox,Minnesota Twins,American League (AL) Central,0
722,2021-04-17,April,Saturday,Boston Red Sox,Chicago White Sox,American League (AL) Central,1
723,2021-04-18,April,Sunday,Boston Red Sox,Chicago White Sox,American League (AL) Central,0
724,2021-04-18,April,Sunday,Boston Red Sox,Chicago White Sox,American League (AL) Central,0
725,2021-04-19,April,Monday,Boston Red Sox,Chicago White Sox,American League (AL) Central,1
726,2021-04-20,April,Tuesday,Boston Red Sox,Toronto Blue Jays,American League (AL) East,1
727,2021-04-21,April,Wednesday,Boston Red Sox,Toronto Blue Jays,American League (AL) East,0
728,2021-04-22,April,Thursday,Boston Red Sox,Seattle Mariners,American League (AL) Central,0
729,2021-04-23,April,Friday,Boston Red Sox,Seattle Mariners,American League (AL) Central,1
730,2021-04-24,April,Saturday,Boston Red Sox,Seattle Mariners,American League (AL) Central,0
731,2021-04-25,April,Sunday,Boston Red Sox,Seattle Mariners,American League (AL) Central,1
732,2021-04-27,April,Tuesday,Boston Red Sox,New York Mets,National League (NL) East,1
733,2021-04-28,April,Wednesday,Boston Red Sox,New York Mets,National League (NL) East,1
734,2021-04-29,April,Thursday,Boston Red Sox,Texas Rangers,American League (AL) Central,0
735,2021-04-30,April,Friday,Boston Red Sox,Texas Rangers,American League (AL) Central,1
736,2021-05-01,May,Saturday,Boston Red Sox,Texas Rangers,American League (AL) Central,0
737,2021-05-02,May,Sunday,Boston Red Sox,Texas Rangers,American League (AL) Central,0
738,2021-05-04,May,Tuesday,Boston Red Sox,Detroit Tigers,American League (AL) Central,1
739,2021-05-05,May,Wednesday,Boston Red Sox,Detroit Tigers,American League (AL) Central,0
740,2021-05-06,May,Thursday,Boston Red Sox,Detroit Tigers,American League (AL) Central,1
741,2021-05-07,May,Friday,Boston Red Sox,Baltimore Orioles,American League (AL) East,1
742,2021-05-08,May,Saturday,Boston Red Sox,Baltimore Orioles,American League (AL) East,1
743,2021-05-09,May,Sunday,Boston Red Sox,Baltimore Orioles,American League (AL) East,1
744,2021-05-10,May,Monday,Boston Red Sox,Baltimore Orioles,American League (AL) East,0
745,2021-05-11,May,Tuesday,Boston Red Sox,Oakland Athletics,American League (AL) West,0
746,2021-05-12,May,Wednesday,Boston Red Sox,Oakland Athletics,American League (AL) West,0
747,2021-05-13,May,Thursday,Boston Red Sox,Oakland Athletics,American League (AL) West,1
748,2021-05-14,May,Friday,Boston Red Sox,Los Angeles Angels,American League (AL) West,1
749,2021-05-15,May,Saturday,Boston Red Sox,Los Angeles Angels,American League (AL) West,1
750,2021-05-16,May,Sunday,Boston Red Sox,Los Angeles Angels,American League (AL) West,0
751,2021-05-18,May,Tuesday,Boston Red Sox,Toronto Blue Jays,American League (AL) East,0
752,2021-05-19,May,Wednesday,Boston Red Sox,Toronto Blue Jays,American League (AL) East,1
753,2021-05-20,May,Thursday,Boston Red Sox,Toronto Blue Jays,American League (AL) East,1
754,2021-05-21,May,Friday,Boston Red Sox,Philadelphia Phillies,American League (AL) West,1
755,2021-05-22,May,Saturday,Boston Red Sox,Philadelphia Phillies,American League (AL) West,1
756,2021-05-23,May,Sunday,Boston Red Sox,Philadelphia Phillies,American League (AL) West,0
757,2021-05-25,May,Tuesday,Boston Red Sox,Atlanta Braves,National League (NL) East,0
758,2021-05-26,May,Wednesday,Boston Red Sox,Atlanta Braves,National League (NL) East,1
759,2021-05-28,May,Friday,Boston Red Sox,Miami Marlins,National League (NL) East,1
760,2021-05-29,May,Saturday,Boston Red Sox,Miami Marlins,National League (NL) East,1
761,2021-05-31,May,Monday,Boston Red Sox,Houston Astros,American League (AL) Central,0
762,2021-06-01,June,Tuesday,Boston Red Sox,Houston Astros,American League (AL) Central,0
763,2021-06-02,June,Wednesday,Boston Red Sox,Houston Astros,American League (AL) Central,0
764,2021-06-03,June,Thursday,Boston Red Sox,Houston Astros,American League (AL) Central,1
765,2021-06-04,June,Friday,Boston Red Sox,New York Yankees,American League (AL) East,1
766,2021-06-05,June,Saturday,Boston Red Sox,New York Yankees,American League (AL) East,1
767,2021-06-06,June,Sunday,Boston Red Sox,New York Yankees,American League (AL) East,1
768,2021-06-07,June,Monday,Boston Red Sox,Miami Marlins,National League (NL) East,1
769,2021-06-08,June,Tuesday,Boston Red Sox,Houston Astros,American League (AL) Central,0
770,2021-06-09,June,Wednesday,Boston Red Sox,Houston Astros,American League (AL) Central,0
771,2021-06-10,June,Thursday,Boston Red Sox,Houston Astros,American League (AL) Central,1
772,2021-06-11,June,Friday,Boston Red Sox,Toronto Blue Jays,American League (AL) East,1
773,2021-06-12,June,Saturday,Boston Red Sox,Toronto Blue Jays,American League (AL) East,0
774,2021-06-13,June,Sunday,Boston Red Sox,Toronto Blue Jays,American League (AL) East,0
775,2021-06-14,June,Monday,Boston Red Sox,Toronto Blue Jays,American League (AL) East,1
776,2021-06-15,June,Tuesday,Boston Red Sox,Atlanta Braves,National League (NL) East,1
777,2021-06-16,June,Wednesday,Boston Red Sox,Atlanta Braves,National League (NL) East,1
778,2021-06-18,June,Friday,Boston Red Sox,Kansas City Royals,American League (AL) West,0
779,2021-06-19,June,Saturday,Boston Red Sox,Kansas City Royals,American League (AL) West,1
780,2021-06-20,June,Sunday,Boston Red Sox,Kansas City Royals,American League (AL) West,0
781,2021-06-22,June,Tuesday,Boston Red Sox,Tampa Bay Rays,American League (AL) East,1
782,2021-06-23,June,Wednesday,Boston Red Sox,Tampa Bay Rays,American League (AL) East,0
783,2021-06-24,June,Thursday,Boston Red Sox,Tampa Bay Rays,American League (AL) East,0
784,2021-06-25,June,Friday,Boston Red Sox,New York Yankees,American League (AL) East,1
785,2021-06-26,June,Saturday,Boston Red Sox,New York Yankees,American League (AL) East,1
786,2021-06-27,June,Sunday,Boston Red Sox,New York Yankees,American League (AL) East,1
787,2021-06-28,June,Monday,Boston Red Sox,Kansas City Royals,American League (AL) West,1
788,2021-06-29,June,Tuesday,Boston Red Sox,Kansas City Royals,American League (AL) West,1
789,2021-06-30,June,Wednesday,Boston Red Sox,Kansas City Royals,American League (AL) West,1
790,2021-07-01,July,Thursday,Boston Red Sox,Kansas City Royals,American League (AL) West,1
791,2021-07-02,July,Friday,Boston Red Sox,Oakland Athletics,American League (AL) West,1
792,2021-07-03,July,Saturday,Boston Red Sox,Oakland Athletics,American League (AL) West,0
793,2021-07-04,July,Sunday,Boston Red Sox,Oakland Athletics,American League (AL) West,1
794,2021-07-05,July,Monday,Boston Red Sox,Los Angeles Angels,American League (AL) West,1
795,2021-07-06,July,Tuesday,Boston Red Sox,Los Angeles Angels,American League (AL) West,0
796,2021-07-07,July,Wednesday,Boston Red Sox,Los Angeles Angels,American League (AL) West,0
797,2021-07-09,July,Friday,Boston Red Sox,Philadelphia Phillies,American League (AL) West,1
798,2021-07-10,July,Saturday,Boston Red Sox,Philadelphia Phillies,American League (AL) West,0
799,2021-07-11,July,Sunday,Boston Red Sox,Philadelphia Phillies,American League (AL) West,0
800,2021-07-16,July,Friday,Boston Red Sox,New York Yankees,American League (AL) East,1
801,2021-07-17,July,Saturday,Boston Red Sox,New York Yankees,American League (AL) East,0
802,2021-07-18,July,Sunday,Boston Red Sox,New York Yankees,American League (AL) East,0
803,2021-07-19,July,Monday,Boston Red Sox,Toronto Blue Jays,American League (AL) East,1
804,2021-07-21,July,Wednesday,Boston Red Sox,Toronto Blue Jays,American League (AL) East,1
805,2021-07-22,July,Thursday,Boston Red Sox,New York Yankees,American League (AL) East,1
806,2021-07-23,July,Friday,Boston Red Sox,New York Yankees,American League (AL) East,1
807,2021-07-24,July,Saturday,Boston Red Sox,New York Yankees,American League (AL) East,0
808,2021-07-25,July,Sunday,Boston Red Sox,New York Yankees,American League (AL) East,1
809,2021-07-26,July,Monday,Boston Red Sox,Toronto Blue Jays,American League (AL) East,1
810,2021-07-28,July,Wednesday,Boston Red Sox,Toronto Blue Jays,American League (AL) East,0
811,2021-07-28,July,Wednesday,Boston Red Sox,Toronto Blue Jays,American League (AL) East,1
812,2021-07-29,July,Thursday,Boston Red Sox,Toronto Blue Jays,American League (AL) East,0
813,2021-07-30,July,Friday,Boston Red Sox,Tampa Bay Rays,American League (AL) East,0
814,2021-07-31,July,Saturday,Boston Red Sox,Tampa Bay Rays,American League (AL) East,0
815,2021-08-01,August,Sunday,Boston Red Sox,Tampa Bay Rays,American League (AL) East,0
816,2021-08-03,August,Tuesday,Boston Red Sox,Detroit Tigers,American League (AL) Central,0
817,2021-08-04,August,Wednesday,Boston Red Sox,Detroit Tigers,American League (AL) Central,1
818,2021-08-05,August,Thursday,Boston Red Sox,Detroit Tigers,American League (AL) Central,0
819,2021-08-06,August,Friday,Boston Red Sox,Toronto Blue Jays,American League (AL) East,0
820,2021-08-07,August,Saturday,Boston Red Sox,Toronto Blue Jays,American League (AL) East,0
821,2021-08-07,August,Saturday,Boston Red Sox,Toronto Blue Jays,American League (AL) East,1
822,2021-08-08,August,Sunday,Boston Red Sox,Toronto Blue Jays,American League (AL) East,0
823,2021-08-10,August,Tuesday,Boston Red Sox,Tampa Bay Rays,American League (AL) East,0
824,2021-08-11,August,Wednesday,Boston Red Sox,Tampa Bay Rays,American League (AL) East,1
825,2021-08-12,August,Thursday,Boston Red Sox,Tampa Bay Rays,American League (AL) East,0
826,2021-08-13,August,Friday,Boston Red Sox,Baltimore Orioles,American League (AL) East,1
827,2021-08-14,August,Saturday,Boston Red Sox,Baltimore Orioles,American League (AL) East,1
828,2021-08-15,August,Sunday,Boston Red Sox,Baltimore Orioles,American League (AL) East,1
829,2021-08-17,August,Tuesday,Boston Red Sox,New York Yankees,American League (AL) East,0
830,2021-08-17,August,Tuesday,Boston Red Sox,New York Yankees,American League (AL) East,0
831,2021-08-18,August,Wednesday,Boston Red Sox,New York Yankees,American League (AL) East,0
832,2021-08-20,August,Friday,Boston Red Sox,Texas Rangers,American League (AL) Central,1
833,2021-08-21,August,Saturday,Boston Red Sox,Texas Rangers,American League (AL) Central,0
834,2021-08-23,August,Monday,Boston Red Sox,Texas Rangers,American League (AL) Central,1
835,2021-08-24,August,Tuesday,Boston Red Sox,Minnesota Twins,American League (AL) Central,1
836,2021-08-25,August,Wednesday,Boston Red Sox,Minnesota Twins,American League (AL) Central,0
837,2021-08-26,August,Thursday,Boston Red Sox,Minnesota Twins,American League (AL) Central,1
838,2021-08-27,August,Friday,Boston Red Sox,Cleveland Guardians (Indians),American League (AL) Central,1
839,2021-08-28,August,Saturday,Boston Red Sox,Cleveland Guardians (Indians),American League (AL) Central,1
840,2021-08-29,August,Sunday,Boston Red Sox,Cleveland Guardians (Indians),American League (AL) Central,0
841,2021-08-30,August,Monday,Boston Red Sox,Tampa Bay Rays,American League (AL) East,0
842,2021-08-31,August,Tuesday,Boston Red Sox,Tampa Bay Rays,American League (AL) East,0
843,2021-09-01,September,Wednesday,Boston Red Sox,Tampa Bay Rays,American League (AL) East,1
844,2021-09-02,September,Thursday,Boston Red Sox,Tampa Bay Rays,American League (AL) East,1
845,2021-09-03,September,Friday,Boston Red Sox,Cleveland Guardians (Indians),American League (AL) Central,1
846,2021-09-04,September,Saturday,Boston Red Sox,Cleveland Guardians (Indians),American League (AL) Central,1
847,2021-09-05,September,Sunday,Boston Red Sox,Cleveland Guardians (Indians),American League (AL) Central,0
848,2021-09-06,September,Monday,Boston Red Sox,Tampa Bay Rays,American League (AL) East,0
849,2021-09-07,September,Tuesday,Boston Red Sox,Tampa Bay Rays,American League (AL) East,0
850,2021-09-08,September,Wednesday,Boston Red Sox,Tampa Bay Rays,American League (AL) East,1
851,2021-09-10,September,Friday,Boston Red Sox,Chicago White Sox,American League (AL) Central,0
852,2021-09-11,September,Saturday,Boston Red Sox,Chicago White Sox,American League (AL) Central,1
853,2021-09-12,September,Sunday,Boston Red Sox,Chicago White Sox,American League (AL) Central,0
854,2021-09-13,September,Monday,Boston Red Sox,Seattle Mariners,American League (AL) Central,0
855,2021-09-14,September,Tuesday,Boston Red Sox,Seattle Mariners,American League (AL) Central,1
856,2021-09-15,September,Wednesday,Boston Red Sox,Seattle Mariners,American League (AL) Central,1
857,2021-09-17,September,Friday,Boston Red Sox,Baltimore Orioles,American League (AL) East,1
858,2021-09-18,September,Saturday,Boston Red Sox,Baltimore Orioles,American League (AL) East,1
859,2021-09-19,September,Sunday,Boston Red Sox,Baltimore Orioles,American League (AL) East,1
860,2021-09-21,September,Tuesday,Boston Red Sox,New York Mets,National League (NL) East,1
861,2021-09-22,September,Wednesday,Boston Red Sox,New York Mets,National League (NL) East,1
862,2021-09-24,September,Friday,Boston Red Sox,New York Yankees,American League (AL) East,0
863,2021-09-25,September,Saturday,Boston Red Sox,New York Yankees,American League (AL) East,0
864,2021-09-26,September,Sunday,Boston Red Sox,New York Yankees,American League (AL) East,0
865,2021-09-28,September,Tuesday,Boston Red Sox,Baltimore Orioles,American League (AL) East,0
866,2021-09-29,September,Wednesday,Boston Red Sox,Baltimore Orioles,American League (AL) East,1
867,2021-09-30,September,Thursday,Boston Red Sox,Baltimore Orioles,American League (AL) East,0
868,2021-10-01,October,Friday,Boston Red Sox,Washington Nationals,National League (NL) East,1
869,2021-10-02,October,Saturday,Boston Red Sox,Washington Nationals,National League (NL) East,1
870,2021-10-03,October,Sunday,Boston Red Sox,Washington Nationals,National League (NL) East,1
