Key, Game_Date ,Team,Opponent,Game_Result ,ML_Prediction,ML_Probability,Runs_Scored,Hits ,Runners_Left_On_Base
824,2021-08-11,Boston Red Sox,Tampa Bay Rays,1,1,0.999999999960,20,19,9
590,2019-07-25,Boston Red Sox,New York Yankees,1,1,0.999999999950,19,23,8
482,2018-09-26,Boston Red Sox,Baltimore Orioles,1,1,0.999999999970,19,22,5
441,2018-08-10,Boston Red Sox,Baltimore Orioles,1,1,0.999999999855,19,16,7
585,2019-07-20,Boston Red Sox,Baltimore Orioles,1,1,0.999999997358,17,17,6
193,2017-05-07,Boston Red Sox,Minnesota Twins,1,1,0.999999999455,17,16,8
827,2021-08-14,Boston Red Sox,Baltimore Orioles,1,1,0.999999998368,16,17,4
605,2019-08-09,Boston Red Sox,Los Angeles Angels,1,1,0.999999991115,16,14,4
134,2016-09-02,Boston Red Sox,Oakland Athletics,1,1,0.999999980941,16,17,8
116,2016-08-14,Boston Red Sox,Arizona Diamondbacks,1,1,0.999999943202,16,19,8
790,2021-07-01,Boston Red Sox,Kansas City Royals,1,1,0.999999879249,15,17,6
520,2019-05-04,Boston Red Sox,Chicago White Sox,1,1,0.999999499218,15,21,11
434,2018-08-02,Boston Red Sox,New York Yankees,1,1,0.999999985202,15,19,11
414,2018-07-07,Boston Red Sox,Kansas City Royals,1,1,0.999999846178,15,16,12
244,2017-07-02,Boston Red Sox,Toronto Blue Jays,1,1,0.999999862375,15,21,8
61,2016-06-11,Boston Red Sox,Minnesota Twins,1,1,0.999999830602,15,15,5
717,2021-04-11,Boston Red Sox,Baltimore Orioles,1,1,0.999997120975,14,17,9
525,2019-05-10,Boston Red Sox,Seattle Mariners,1,1,0.999999617002,14,15,6
458,2018-08-29,Boston Red Sox,Miami Marlins,1,1,0.999999837525,14,16,3
401,2018-06-22,Boston Red Sox,Seattle Mariners,1,1,0.999999709165,14,20,8
334,2018-04-10,Boston Red Sox,New York Yankees,1,1,0.999999353433,14,11,6
32,2016-05-09,Boston Red Sox,Oakland Athletics,1,1,0.999998794651,14,15,6
803,2021-07-19,Boston Red Sox,Toronto Blue Jays,1,1,0.999999169406,13,14,8
649,2020-07-24,Boston Red Sox,Baltimore Orioles,1,1,0.999993910102,13,17,10
613,2019-08-18,Boston Red Sox,Baltimore Orioles,1,1,0.999994878789,13,16,8
569,2019-06-29,Boston Red Sox,New York Yankees,0,1,0.999997581012,13,18,10
557,2019-06-14,Boston Red Sox,Baltimore Orioles,1,1,0.999998963526,13,16,10
309,2017-09-15,Boston Red Sox,Tampa Bay Rays,1,1,0.986995220979,13,21,16
213,2017-05-30,Boston Red Sox,Chicago White Sox,1,1,0.999998973249,13,16,7
140,2016-09-09,Boston Red Sox,Toronto Blue Jays,1,1,0.999999175386,13,18,9
93,2016-07-21,Boston Red Sox,Minnesota Twins,1,1,0.999998665354,13,17,4
34,2016-05-11,Boston Red Sox,Oakland Athletics,1,1,0.999999013645,13,17,9
33,2016-05-10,Boston Red Sox,Oakland Athletics,1,1,0.999998380982,13,16,7
861,2021-09-22,Boston Red Sox,New York Mets,1,1,0.999988164098,12,14,4
837,2021-08-26,Boston Red Sox,Minnesota Twins,1,1,0.999992795989,12,9,6
771,2021-06-10,Boston Red Sox,Houston Astros,1,1,0.999997740629,12,14,9
740,2021-05-06,Boston Red Sox,Detroit Tigers,1,1,0.999750227260,12,16,12
643,2019-09-24,Boston Red Sox,Texas Rangers,1,1,0.999977391771,12,14,6
540,2019-05-27,Boston Red Sox,Cleveland Indians,1,1,0.999980686266,12,13,6
533,2019-05-20,Boston Red Sox,Toronto Blue Jays,1,1,0.999996000479,12,16,7
270,2017-08-01,Boston Red Sox,Cleveland Indians,1,1,0.999992779541,12,15,7
205,2017-05-21,Boston Red Sox,Oakland Athletics,1,1,0.999991990840,12,15,7
143,2016-09-12,Boston Red Sox,Baltimore Orioles,1,1,0.999996407387,12,16,6
82,2016-07-04,Boston Red Sox,Texas Rangers,1,1,0.999999254913,12,21,12
835,2021-08-24,Boston Red Sox,Minnesota Twins,1,1,0.999989044800,11,11,5
797,2021-07-09,Boston Red Sox,Philadelphia Phillies,1,1,0.999953033741,11,14,10
754,2021-05-21,Boston Red Sox,Philadelphia Phillies,1,1,0.998004494264,11,13,5
742,2021-05-08,Boston Red Sox,Baltimore Orioles,1,1,0.998716306093,11,14,9
738,2021-05-04,Boston Red Sox,Detroit Tigers,1,1,0.999969754065,11,14,6
725,2021-04-19,Boston Red Sox,Chicago White Sox,1,1,0.999841168127,11,16,11
712,2021-04-05,Boston Red Sox,Tampa Bay Rays,1,1,0.999961895058,11,16,6
616,2019-08-23,Boston Red Sox,San Diego Padres,1,1,0.999993910348,11,14,7
527,2019-05-12,Boston Red Sox,Seattle Mariners,1,1,0.999871251779,11,12,7
511,2019-04-24,Boston Red Sox,Detroit Tigers,1,1,0.999921087495,11,12,10
477,2018-09-20,Boston Red Sox,New York Yankees,1,1,0.999755102674,11,13,5
411,2018-07-03,Boston Red Sox,Washington Nationals,1,1,0.999988573537,11,12,3
408,2018-06-30,Boston Red Sox,New York Yankees,1,1,0.999953535361,11,17,8
306,2017-09-12,Boston Red Sox,Oakland Athletics,1,1,0.999989838513,11,16,5
246,2017-07-04,Boston Red Sox,Texas Rangers,1,1,0.999855079998,11,19,11
223,2017-06-10,Boston Red Sox,Detroit Tigers,1,1,0.999963659855,11,13,11
206,2017-05-23,Boston Red Sox,Texas Rangers,1,1,0.999676930386,11,12,8
192,2017-05-06,Boston Red Sox,Minnesota Twins,1,1,0.999923394039,11,16,11
142,2016-09-11,Boston Red Sox,Toronto Blue Jays,1,1,0.999922457815,11,11,6
135,2016-09-03,Boston Red Sox,Oakland Athletics,1,1,0.998328341821,11,17,11
92,2016-07-20,Boston Red Sox,San Francisco Giants,1,1,0.999998677781,11,16,8
84,2016-07-06,Boston Red Sox,Texas Rangers,1,1,0.999986606563,11,10,6
35,2016-05-12,Boston Red Sox,Houston Astros,1,1,0.999980261231,11,14,6
20,2016-04-26,Boston Red Sox,Atlanta Braves,1,1,0.999992751127,11,13,5
848,2021-09-06,Boston Red Sox,Tampa Bay Rays,0,1,0.999158725043,10,14,11
777,2021-06-16,Boston Red Sox,Atlanta Braves,1,1,0.999623462553,10,14,7
776,2021-06-15,Boston Red Sox,Atlanta Braves,1,1,0.999847432598,10,14,5
702,2020-09-20,Boston Red Sox,New York Yankees,1,1,0.999990239725,10,14,8
644,2019-09-25,Boston Red Sox,Texas Rangers,1,1,0.999676366357,10,12,6
619,2019-08-27,Boston Red Sox,Colorado Rockies,1,1,0.999901955737,10,10,6
591,2019-07-26,Boston Red Sox,New York Yankees,1,1,0.999948928515,10,14,4
580,2019-07-15,Boston Red Sox,Toronto Blue Jays,1,1,0.999698044888,10,13,10
575,2019-07-06,Boston Red Sox,Detroit Tigers,1,1,0.999828751531,10,17,12
571,2019-07-02,Boston Red Sox,Toronto Blue Jays,1,1,0.999847600761,10,15,6
486,2018-09-30,Boston Red Sox,New York Yankees,1,1,0.998012109370,10,13,8
452,2018-08-22,Boston Red Sox,Cleveland Indians,1,1,0.999629246715,10,14,7
439,2018-08-08,Boston Red Sox,Toronto Blue Jays,1,1,0.999946545158,10,12,8
438,2018-08-07,Boston Red Sox,Toronto Blue Jays,1,1,0.999898082472,10,9,3
430,2018-07-28,Boston Red Sox,Minnesota Twins,1,1,0.999713164143,10,14,10
413,2018-07-06,Boston Red Sox,Kansas City Royals,1,1,0.999957808921,10,15,6
352,2018-04-30,Boston Red Sox,Kansas City Royals,1,1,0.999936873921,10,13,7
340,2018-04-17,Boston Red Sox,Los Angeles Angels,1,1,0.999990716233,10,15,8
338,2018-04-14,Boston Red Sox,Baltimore Orioles,1,1,0.999911464633,10,15,7
332,2018-04-07,Boston Red Sox,Tampa Bay Rays,1,1,0.999989220016,10,9,5
320,2017-09-27,Boston Red Sox,Toronto Blue Jays,1,1,0.999863154625,10,13,4
312,2017-09-18,Boston Red Sox,Baltimore Orioles,1,1,0.997962189745,10,12,6
281,2017-08-15,Boston Red Sox,St. Louis Cardinals,1,1,0.999565371242,10,15,9
278,2017-08-12,Boston Red Sox,New York Yankees,1,1,0.999758782997,10,12,4
121,2016-08-19,Boston Red Sox,Detroit Tigers,1,1,0.999791096958,10,16,8
81,2016-07-03,Boston Red Sox,Los Angeles Angels,1,1,0.999611015008,10,16,9
46,2016-05-25,Boston Red Sox,Colorado Rockies,1,1,0.999945940308,10,13,7
38,2016-05-15,Boston Red Sox,Houston Astros,1,1,0.999920623438,10,14,8
858,2021-09-18,Boston Red Sox,Baltimore Orioles,1,1,0.999152584498,9,14,7
856,2021-09-15,Boston Red Sox,Seattle Mariners,1,1,0.981750411604,9,9,7
852,2021-09-11,Boston Red Sox,Chicago White Sox,1,1,0.982690096945,9,10,7
786,2021-06-27,Boston Red Sox,New York Yankees,1,1,0.999914564763,9,13,6
781,2021-06-22,Boston Red Sox,Tampa Bay Rays,1,1,0.996399417051,9,10,3
758,2021-05-26,Boston Red Sox,Atlanta Braves,1,1,0.999733923170,9,7,3
749,2021-05-15,Boston Red Sox,Los Angeles Angels,1,1,0.999940038851,9,12,4
714,2021-04-07,Boston Red Sox,Tampa Bay Rays,1,1,0.998748735238,9,13,4
708,2020-09-27,Boston Red Sox,Atlanta Braves,1,1,0.996332244775,9,15,11
704,2020-09-23,Boston Red Sox,Baltimore Orioles,1,1,0.995285860127,9,10,7
689,2020-09-05,Boston Red Sox,Toronto Blue Jays,1,1,0.999846229985,9,15,8
682,2020-08-30,Boston Red Sox,Washington Nationals,1,1,0.999691065438,9,15,10
678,2020-08-25,Boston Red Sox,Toronto Blue Jays,1,1,0.999486524479,9,13,7
611,2019-08-16,Boston Red Sox,Baltimore Orioles,1,1,0.999993187728,9,12,5
592,2019-07-27,Boston Red Sox,New York Yankees,1,1,0.999952228750,9,15,6
587,2019-07-22,Boston Red Sox,Tampa Bay Rays,1,1,0.999904914825,9,12,6
574,2019-07-05,Boston Red Sox,Detroit Tigers,1,1,0.998717337743,9,14,9
562,2019-06-19,Boston Red Sox,Minnesota Twins,1,1,0.999441547244,9,12,10
542,2019-05-29,Boston Red Sox,Cleveland Indians,0,1,0.997813048377,9,14,7
526,2019-05-11,Boston Red Sox,Seattle Mariners,1,1,0.997908218972,9,10,11
521,2019-05-05,Boston Red Sox,Chicago White Sox,1,1,0.997258690588,9,9,7
515,2019-04-29,Boston Red Sox,Oakland Athletics,1,1,0.999538988743,9,12,8
465,2018-09-05,Boston Red Sox,Atlanta Braves,1,1,0.998088261440,9,11,6
459,2018-08-30,Boston Red Sox,Chicago White Sox,1,1,0.996711316696,9,9,6
425,2018-07-22,Boston Red Sox,Detroit Tigers,1,1,0.999629716349,9,9,1
405,2018-06-27,Boston Red Sox,Los Angeles Angels,1,1,0.999635951894,9,12,8
404,2018-06-26,Boston Red Sox,Los Angeles Angels,1,1,0.999902396457,9,14,9
400,2018-06-21,Boston Red Sox,Minnesota Twins,1,1,0.997091045650,9,16,11
397,2018-06-17,Boston Red Sox,Seattle Mariners,1,1,0.999865012873,9,13,6
384,2018-06-03,Boston Red Sox,Houston Astros,1,1,0.998491891846,9,15,5
341,2018-04-18,Boston Red Sox,Los Angeles Angels,1,1,0.995415499954,9,14,8
314,2017-09-20,Boston Red Sox,Baltimore Orioles,1,1,0.999157162689,9,11,8
304,2017-09-09,Boston Red Sox,Tampa Bay Rays,1,1,0.990892926484,9,15,11
303,2017-09-08,Boston Red Sox,Tampa Bay Rays,1,1,0.989350745292,9,12,6
287,2017-08-22,Boston Red Sox,Cleveland Indians,1,1,0.999656472892,9,12,5
283,2017-08-18,Boston Red Sox,New York Yankees,1,1,0.999864247137,9,10,6
271,2017-08-03,Boston Red Sox,Chicago White Sox,1,1,0.999866994919,9,15,10
267,2017-07-29,Boston Red Sox,Kansas City Royals,1,1,0.998938085001,9,13,9
239,2017-06-27,Boston Red Sox,Minnesota Twins,1,1,0.999249227156,9,10,8
235,2017-06-23,Boston Red Sox,Los Angeles Angels,1,1,0.999374751971,9,10,3
207,2017-05-24,Boston Red Sox,Texas Rangers,1,1,0.999138800517,9,12,6
131,2016-08-29,Boston Red Sox,Tampa Bay Rays,1,1,0.999453857679,9,14,8
114,2016-08-12,Boston Red Sox,Arizona Diamondbacks,1,1,0.998546025064,9,11,4
108,2016-08-05,Boston Red Sox,Los Angeles Dodgers,1,1,0.999183503212,9,10,5
95,2016-07-23,Boston Red Sox,Minnesota Twins,0,1,0.997087190085,9,15,12
53,2016-06-01,Boston Red Sox,Baltimore Orioles,0,1,0.999752022640,9,15,9
49,2016-05-28,Boston Red Sox,Toronto Blue Jays,0,1,0.999681174479,9,15,6
43,2016-05-21,Boston Red Sox,Cleveland Indians,1,1,0.999864575473,9,13,11
21,2016-04-27,Boston Red Sox,Atlanta Braves,1,1,0.999809249384,9,11,7
859,2021-09-19,Boston Red Sox,Baltimore Orioles,1,1,0.999089134931,8,10,4
855,2021-09-14,Boston Red Sox,Seattle Mariners,1,1,0.993451665322,8,11,8
845,2021-09-03,Boston Red Sox,Cleveland Indians,1,1,0.998643449901,8,10,7
834,2021-08-23,Boston Red Sox,Texas Rangers,1,1,0.993774483599,8,8,7
826,2021-08-13,Boston Red Sox,Baltimore Orioles,1,1,0.999611151262,8,11,8
822,2021-08-08,Boston Red Sox,Toronto Blue Jays,0,1,0.981941038621,8,16,10
753,2021-05-20,Boston Red Sox,Toronto Blue Jays,1,1,0.996313151228,8,14,7
747,2021-05-13,Boston Red Sox,Oakland Athletics,1,1,0.994495116901,8,13,6
707,2020-09-26,Boston Red Sox,Atlanta Braves,1,1,0.973066122240,8,8,7
703,2020-09-22,Boston Red Sox,Baltimore Orioles,1,1,0.991785150646,8,14,10
690,2020-09-06,Boston Red Sox,Toronto Blue Jays,0,1,0.996254062052,8,10,9
675,2020-08-21,Boston Red Sox,Baltimore Orioles,1,1,0.998988590504,8,9,3
667,2020-08-13,Boston Red Sox,Tampa Bay Rays,0,1,0.990058305194,8,13,8
577,2019-07-12,Boston Red Sox,Los Angeles Dodgers,1,1,0.999419709169,8,8,3
573,2019-07-04,Boston Red Sox,Toronto Blue Jays,1,1,0.997073316753,8,8,4
570,2019-06-30,Boston Red Sox,New York Yankees,0,1,0.996501506626,8,15,7
559,2019-06-16,Boston Red Sox,Baltimore Orioles,1,1,0.996213775693,8,14,10
547,2019-06-05,Boston Red Sox,Kansas City Royals,1,1,0.996112297581,8,11,8
546,2019-06-04,Boston Red Sox,Kansas City Royals,1,1,0.999004365474,8,10,6
545,2019-06-02,Boston Red Sox,New York Yankees,1,1,0.995460662092,8,13,4
536,2019-05-23,Boston Red Sox,Toronto Blue Jays,1,1,0.994549771249,8,15,9
523,2019-05-07,Boston Red Sox,Baltimore Orioles,1,1,0.996122615769,8,7,6
495,2019-04-05,Boston Red Sox,Arizona Diamondbacks,0,1,0.998308336657,8,12,6
490,2019-03-31,Boston Red Sox,Seattle Mariners,0,1,0.997452135926,8,9,10
463,2018-09-03,Boston Red Sox,Atlanta Braves,1,1,0.993828854346,8,10,8
457,2018-08-28,Boston Red Sox,Miami Marlins,1,1,0.996992642099,8,12,8
417,2018-07-10,Boston Red Sox,Texas Rangers,1,1,0.999861429921,8,12,6
379,2018-05-29,Boston Red Sox,Toronto Blue Jays,1,1,0.999703103580,8,13,6
378,2018-05-28,Boston Red Sox,Toronto Blue Jays,1,1,0.999693877473,8,11,6
376,2018-05-26,Boston Red Sox,Atlanta Braves,1,1,0.995966096994,8,10,10
342,2018-04-19,Boston Red Sox,Los Angeles Angels,1,1,0.999370911362,8,14,7
333,2018-04-08,Boston Red Sox,Tampa Bay Rays,1,1,0.996204649558,8,11,7
276,2017-08-09,Boston Red Sox,Tampa Bay Rays,1,1,0.869909887718,8,9,6
249,2017-07-07,Boston Red Sox,Tampa Bay Rays,1,1,0.994822004852,8,11,7
233,2017-06-20,Boston Red Sox,Kansas City Royals,1,1,0.996027456254,8,13,7
176,2017-04-18,Boston Red Sox,Toronto Blue Jays,1,1,0.991660413380,8,15,8
169,2017-04-11,Boston Red Sox,Baltimore Orioles,1,1,0.999346061123,8,15,8
133,2016-08-31,Boston Red Sox,Tampa Bay Rays,1,1,0.999481148746,8,12,6
129,2016-08-27,Boston Red Sox,Kansas City Royals,1,1,0.999743681551,8,12,5
119,2016-08-17,Boston Red Sox,Baltimore Orioles,1,1,0.999713460127,8,13,7
98,2016-07-26,Boston Red Sox,Detroit Tigers,0,1,0.998624129249,8,9,5
96,2016-07-24,Boston Red Sox,Minnesota Twins,1,1,0.997368610549,8,10,3
77,2016-06-28,Boston Red Sox,Tampa Bay Rays,1,1,0.988464558633,8,11,8
73,2016-06-24,Boston Red Sox,Texas Rangers,1,1,0.998182727186,8,9,5
72,2016-06-23,Boston Red Sox,Chicago White Sox,1,1,0.980515205983,8,12,12
60,2016-06-10,Boston Red Sox,Minnesota Twins,1,1,0.990977443478,8,16,10
45,2016-05-24,Boston Red Sox,Colorado Rockies,1,1,0.998200277532,8,12,10
25,2016-05-01,Boston Red Sox,New York Yankees,1,1,0.998763951635,8,14,8
24,2016-04-30,Boston Red Sox,New York Yankees,1,1,0.994216959799,8,14,12
15,2016-04-21,Boston Red Sox,Tampa Bay Rays,0,1,0.994187020149,8,15,12
4,2016-04-09,Boston Red Sox,Toronto Blue Jays,1,1,0.969257076549,8,11,8
3,2016-04-08,Boston Red Sox,Toronto Blue Jays,1,1,0.993861701571,8,11,6
870,2021-10-03,Boston Red Sox,Washington Nationals,1,1,0.807402571480,7,13,9
857,2021-09-17,Boston Red Sox,Baltimore Orioles,1,1,0.997552943134,7,12,9
849,2021-09-07,Boston Red Sox,Tampa Bay Rays,0,1,0.990253809278,7,15,9
804,2021-07-21,Boston Red Sox,Toronto Blue Jays,1,1,0.995406505746,7,9,4
788,2021-06-29,Boston Red Sox,Kansas City Royals,1,1,0.997080944480,7,12,9
779,2021-06-19,Boston Red Sox,Kansas City Royals,1,1,0.995847741368,7,8,4
766,2021-06-05,Boston Red Sox,New York Yankees,1,1,0.990001252995,7,13,6
752,2021-05-19,Boston Red Sox,Toronto Blue Jays,1,1,0.986486442780,7,13,5
722,2021-04-17,Boston Red Sox,Chicago White Sox,1,1,0.968091531365,7,13,11
720,2021-04-14,Boston Red Sox,Minnesota Twins,1,1,0.947389614288,7,8,4
715,2021-04-08,Boston Red Sox,Baltimore Orioles,1,1,0.984428414671,7,12,8
706,2020-09-25,Boston Red Sox,Atlanta Braves,0,1,0.928880463634,7,7,7
687,2020-09-04,Boston Red Sox,Toronto Blue Jays,0,1,0.983984377040,7,11,5
674,2020-08-20,Boston Red Sox,Baltimore Orioles,1,1,0.923216978500,7,12,9
664,2020-08-10,Boston Red Sox,Tampa Bay Rays,0,1,0.973221882256,7,12,7
658,2020-08-02,Boston Red Sox,New York Yankees,0,1,0.955886404987,7,10,4
641,2019-09-22,Boston Red Sox,Tampa Bay Rays,1,1,0.525981925552,7,11,11
633,2019-09-12,Boston Red Sox,Toronto Blue Jays,1,1,0.972227773859,7,12,6
621,2019-08-30,Boston Red Sox,Los Angeles Angels,1,1,0.751669856955,7,8,4
620,2019-08-28,Boston Red Sox,Colorado Rockies,1,1,0.994585592275,7,12,8
609,2019-08-13,Boston Red Sox,Cleveland Indians,1,1,0.951869807862,7,17,11
601,2019-08-05,Boston Red Sox,Kansas City Royals,1,1,0.973336985321,7,10,6
568,2019-06-26,Boston Red Sox,Chicago White Sox,0,1,0.972258506791,7,15,10
564,2019-06-22,Boston Red Sox,Toronto Blue Jays,0,1,0.984264930936,7,9,6
563,2019-06-21,Boston Red Sox,Toronto Blue Jays,1,1,0.910165454335,7,14,9
558,2019-06-15,Boston Red Sox,Baltimore Orioles,1,1,0.656359850669,7,12,9
556,2019-06-13,Boston Red Sox,Texas Rangers,1,1,0.995157859616,7,9,5
548,2019-06-06,Boston Red Sox,Kansas City Royals,1,1,0.971346388093,7,9,7
517,2019-05-01,Boston Red Sox,Oakland Athletics,1,1,0.998886616438,7,9,7
512,2019-04-25,Boston Red Sox,Detroit Tigers,1,1,0.995991739516,7,10,5
499,2019-04-11,Boston Red Sox,Toronto Blue Jays,1,1,0.928557641967,7,8,10
488,2019-03-29,Boston Red Sox,Seattle Mariners,1,1,0.983836268018,7,8,4
478,2018-09-21,Boston Red Sox,Cleveland Indians,1,1,0.998061151762,7,13,5
469,2018-09-11,Boston Red Sox,Toronto Blue Jays,1,1,0.992502029112,7,7,3
453,2018-08-23,Boston Red Sox,Cleveland Indians,1,1,0.974564453447,7,12,10
447,2018-08-17,Boston Red Sox,Tampa Bay Rays,1,1,0.996789527167,7,11,6
420,2018-07-13,Boston Red Sox,Toronto Blue Jays,0,1,0.879947526622,7,12,11
415,2018-07-08,Boston Red Sox,Kansas City Royals,1,1,0.991727526237,7,14,10
386,2018-06-06,Boston Red Sox,Detroit Tigers,1,1,0.998097304761,7,12,6
343,2018-04-20,Boston Red Sox,Oakland Athletics,1,1,0.994055323884,7,11,2
337,2018-04-13,Boston Red Sox,Baltimore Orioles,1,1,0.965620732387,7,11,11
335,2018-04-11,Boston Red Sox,New York Yankees,0,1,0.975527847376,7,10,4
329,2018-04-02,Boston Red Sox,Miami Marlins,1,1,0.992839619652,7,12,7
295,2017-08-30,Boston Red Sox,Toronto Blue Jays,1,1,0.997698278568,7,10,7
245,2017-07-03,Boston Red Sox,Texas Rangers,1,1,0.761114606391,7,10,10
243,2017-07-01,Boston Red Sox,Toronto Blue Jays,1,1,0.988898895901,7,12,7
242,2017-06-30,Boston Red Sox,Toronto Blue Jays,1,1,0.902166198959,7,13,17
227,2017-06-14,Boston Red Sox,Philadelphia Phillies,1,1,0.999136755932,7,13,5
218,2017-06-04,Boston Red Sox,Baltimore Orioles,1,1,0.963695462219,7,9,6
194,2017-05-09,Boston Red Sox,Milwaukee Brewers,0,1,0.953561275191,7,12,9
174,2017-04-16,Boston Red Sox,Tampa Bay Rays,1,1,0.997439279368,7,17,9
167,2017-04-09,Boston Red Sox,Detroit Tigers,1,1,0.990156227759,7,11,6
147,2016-09-16,Boston Red Sox,New York Yankees,1,1,0.999530253184,7,12,4
146,2016-09-15,Boston Red Sox,New York Yankees,1,1,0.997970047127,7,9,8
139,2016-09-07,Boston Red Sox,San Diego Padres,1,1,0.993918019205,7,9,6
76,2016-06-27,Boston Red Sox,Tampa Bay Rays,0,1,0.982858751905,7,12,8
54,2016-06-02,Boston Red Sox,Baltimore Orioles,0,1,0.979750561278,7,12,6
51,2016-05-30,Boston Red Sox,Baltimore Orioles,1,1,0.995297941514,7,11,8
28,2016-05-05,Boston Red Sox,Chicago White Sox,1,1,0.997053526288,7,12,10
18,2016-04-24,Boston Red Sox,Houston Astros,1,1,0.913875780089,7,16,13
14,2016-04-20,Boston Red Sox,Tampa Bay Rays,1,1,0.985220496256,7,12,7
6,2016-04-11,Boston Red Sox,Baltimore Orioles,0,1,0.985082363231,7,11,7
866,2021-09-29,Boston Red Sox,Baltimore Orioles,1,1,0.823773045531,6,13,6
860,2021-09-21,Boston Red Sox,New York Mets,1,1,0.985757923188,6,8,7
836,2021-08-25,Boston Red Sox,Minnesota Twins,0,0,0.653248015983,6,15,11
832,2021-08-20,Boston Red Sox,Texas Rangers,1,1,0.986282740163,6,10,7
828,2021-08-15,Boston Red Sox,Baltimore Orioles,1,1,0.967582180501,6,9,8
806,2021-07-23,Boston Red Sox,New York Yankees,1,1,0.890302321846,6,9,6
792,2021-07-03,Boston Red Sox,Oakland Athletics,0,0,0.614378653726,6,9,5
789,2021-06-30,Boston Red Sox,Kansas City Royals,1,1,0.990349574631,6,8,5
787,2021-06-28,Boston Red Sox,Kansas City Royals,1,1,0.991678250746,6,9,4
772,2021-06-11,Boston Red Sox,Toronto Blue Jays,1,1,0.755163794371,6,8,8
767,2021-06-06,Boston Red Sox,New York Yankees,1,1,0.976772427714,6,6,4
741,2021-05-07,Boston Red Sox,Baltimore Orioles,1,1,0.969262941332,6,7,6
736,2021-05-01,Boston Red Sox,Texas Rangers,0,1,0.743535822999,6,12,10
735,2021-04-30,Boston Red Sox,Texas Rangers,1,1,0.972532376699,6,6,5
729,2021-04-23,Boston Red Sox,Seattle Mariners,1,1,0.711403290715,6,11,8
716,2021-04-10,Boston Red Sox,Baltimore Orioles,1,1,0.775019241646,6,10,6
713,2021-04-06,Boston Red Sox,Tampa Bay Rays,1,0,0.670883272211,6,10,7
696,2020-09-13,Boston Red Sox,Tampa Bay Rays,1,1,0.960539020926,6,11,7
673,2020-08-19,Boston Red Sox,Philadelphia Phillies,1,1,0.921795965626,6,9,8
672,2020-08-18,Boston Red Sox,Philadelphia Phillies,0,0,0.553823158258,6,11,10
654,2020-07-29,Boston Red Sox,New York Mets,1,1,0.925040896852,6,8,5
636,2019-09-17,Boston Red Sox,San Francisco Giants,0,0,0.974865793753,6,14,17
635,2019-09-15,Boston Red Sox,Philadelphia Phillies,1,1,0.867970437018,6,6,5
627,2019-09-06,Boston Red Sox,New York Yankees,1,1,0.949664981503,6,6,5
625,2019-09-04,Boston Red Sox,Minnesota Twins,1,1,0.942291541398,6,9,7
593,2019-07-28,Boston Red Sox,New York Yankees,0,0,0.528288290469,6,10,9
576,2019-07-07,Boston Red Sox,Detroit Tigers,1,1,0.839708378598,6,9,5
567,2019-06-25,Boston Red Sox,Chicago White Sox,1,1,0.975257952285,6,10,5
566,2019-06-24,Boston Red Sox,Chicago White Sox,1,1,0.943398210818,6,12,11
535,2019-05-22,Boston Red Sox,Toronto Blue Jays,1,1,0.724938612717,6,10,8
529,2019-05-15,Boston Red Sox,Colorado Rockies,1,1,0.804145269956,6,13,10
519,2019-05-03,Boston Red Sox,Chicago White Sox,1,1,0.913299356729,6,11,9
507,2019-04-20,Boston Red Sox,Tampa Bay Rays,1,1,0.866771884310,6,8,6
506,2019-04-19,Boston Red Sox,Tampa Bay Rays,1,1,0.960903058190,6,10,3
500,2019-04-12,Boston Red Sox,Baltimore Orioles,1,1,0.987589829478,6,11,6
493,2019-04-03,Boston Red Sox,Oakland Athletics,1,1,0.944163887410,6,9,6
484,2018-09-28,Boston Red Sox,New York Yankees,0,1,0.732125935901,6,6,8
481,2018-09-24,Boston Red Sox,Baltimore Orioles,1,1,0.952239105241,6,10,8
468,2018-09-09,Boston Red Sox,Houston Astros,1,1,0.962208027932,6,14,9
461,2018-09-01,Boston Red Sox,Chicago White Sox,1,1,0.963026832558,6,9,6
443,2018-08-11,Boston Red Sox,Baltimore Orioles,1,1,0.985302719115,6,7,5
427,2018-07-24,Boston Red Sox,Baltimore Orioles,0,1,0.930705539148,6,9,4
421,2018-07-14,Boston Red Sox,Toronto Blue Jays,1,1,0.917497008379,6,11,6
419,2018-07-12,Boston Red Sox,Toronto Blue Jays,1,1,0.895545957594,6,8,4
395,2018-06-15,Boston Red Sox,Seattle Mariners,0,1,0.865628759037,6,10,10
392,2018-06-12,Boston Red Sox,Baltimore Orioles,1,1,0.837008772406,6,9,10
385,2018-06-05,Boston Red Sox,Detroit Tigers,1,1,0.932532131332,6,10,7
380,2018-05-30,Boston Red Sox,Toronto Blue Jays,1,1,0.967128100619,6,11,5
375,2018-05-25,Boston Red Sox,Atlanta Braves,1,1,0.998671877119,6,7,3
370,2018-05-19,Boston Red Sox,Baltimore Orioles,1,1,0.980561285389,6,6,4
368,2018-05-17,Boston Red Sox,Baltimore Orioles,1,1,0.989010393943,6,10,7
367,2018-05-16,Boston Red Sox,Oakland Athletics,1,1,0.971783677985,6,9,4
360,2018-05-09,Boston Red Sox,New York Yankees,0,1,0.921746749394,6,12,9
358,2018-05-06,Boston Red Sox,Texas Rangers,1,1,0.947029241677,6,10,6
357,2018-05-05,Boston Red Sox,Texas Rangers,1,1,0.950696052250,6,9,7
353,2018-05-01,Boston Red Sox,Kansas City Royals,0,0,0.714599800584,6,12,9
350,2018-04-28,Boston Red Sox,Tampa Bay Rays,0,0,0.664537152698,6,12,10
336,2018-04-12,Boston Red Sox,New York Yankees,1,1,0.815437299231,6,8,8
323,2017-09-30,Boston Red Sox,Houston Astros,1,1,0.847433884610,6,10,7
308,2017-09-14,Boston Red Sox,Oakland Athletics,1,1,0.994641781542,6,9,4
302,2017-09-06,Boston Red Sox,Toronto Blue Jays,1,1,0.976333189843,6,9,8
293,2017-08-28,Boston Red Sox,Toronto Blue Jays,1,1,0.950284288787,6,12,8
289,2017-08-24,Boston Red Sox,Cleveland Indians,0,1,0.803224520213,6,9,6
288,2017-08-23,Boston Red Sox,Cleveland Indians,1,0,0.575859883080,6,8,5
274,2017-08-06,Boston Red Sox,Chicago White Sox,1,1,0.994908574875,6,8,6
269,2017-07-31,Boston Red Sox,Cleveland Indians,1,1,0.946219626652,6,13,10
260,2017-07-21,Boston Red Sox,Los Angeles Angels,1,1,0.803499375468,6,9,3
259,2017-07-20,Boston Red Sox,Toronto Blue Jays,0,1,0.829303701393,6,9,7
241,2017-06-29,Boston Red Sox,Minnesota Twins,1,1,0.991542127435,6,10,5
231,2017-06-18,Boston Red Sox,Houston Astros,1,1,0.903425526283,6,8,4
225,2017-06-12,Boston Red Sox,Philadelphia Phillies,1,1,0.916749062664,6,16,10
210,2017-05-27,Boston Red Sox,Seattle Mariners,1,1,0.989758030695,6,9,5
208,2017-05-25,Boston Red Sox,Texas Rangers,1,1,0.972652714394,6,10,8
200,2017-05-16,Boston Red Sox,St. Louis Cardinals,1,1,0.983349982953,6,6,4
198,2017-05-13,Boston Red Sox,Tampa Bay Rays,1,1,0.968952482786,6,7,3
186,2017-04-30,Boston Red Sox,Chicago Cubs,1,1,0.509152198269,6,6,4
181,2017-04-23,Boston Red Sox,Baltimore Orioles,1,1,0.984204148049,6,14,8
155,2016-09-24,Boston Red Sox,Tampa Bay Rays,1,1,0.955444086470,6,8,2
148,2016-09-17,Boston Red Sox,New York Yankees,1,1,0.959484996398,6,10,7
124,2016-08-22,Boston Red Sox,Tampa Bay Rays,1,1,0.969266198147,6,9,10
115,2016-08-13,Boston Red Sox,Arizona Diamondbacks,1,1,0.972082303392,6,8,5
101,2016-07-29,Boston Red Sox,Los Angeles Angels,1,1,0.968351212824,6,7,6
85,2016-07-08,Boston Red Sox,Tampa Bay Rays,1,1,0.990720076679,6,11,6
71,2016-06-22,Boston Red Sox,Chicago White Sox,0,1,0.920734769759,6,13,12
67,2016-06-18,Boston Red Sox,Seattle Mariners,1,1,0.936711368058,6,12,5
64,2016-06-15,Boston Red Sox,Baltimore Orioles,1,1,0.955912996375,6,13,9
56,2016-06-04,Boston Red Sox,Toronto Blue Jays,1,1,0.989252050807,6,11,7
52,2016-05-31,Boston Red Sox,Baltimore Orioles,1,1,0.917942281720,6,10,6
37,2016-05-14,Boston Red Sox,Houston Astros,1,1,0.958649665906,6,14,11
36,2016-05-13,Boston Red Sox,Houston Astros,0,1,0.716077289910,6,11,7
16,2016-04-22,Boston Red Sox,Houston Astros,1,1,0.972461082058,6,15,7
2,2016-04-06,Boston Red Sox,Cleveland Indians,0,1,0.979600838164,6,10,7
1,2016-04-05,Boston Red Sox,Cleveland Indians,1,1,0.733394870131,6,11,10
869,2021-10-02,Boston Red Sox,Washington Nationals,1,0,0.678426804258,5,7,8
847,2021-09-05,Boston Red Sox,Cleveland Indians,0,1,0.761119623169,5,13,12
842,2021-08-31,Boston Red Sox,Tampa Bay Rays,0,1,0.613119291251,5,10,9
840,2021-08-29,Boston Red Sox,Cleveland Indians,0,1,0.667615045244,5,9,6
839,2021-08-28,Boston Red Sox,Cleveland Indians,1,1,0.586871692797,5,12,7
814,2021-07-31,Boston Red Sox,Tampa Bay Rays,0,0,0.573472541555,5,8,7
809,2021-07-26,Boston Red Sox,Toronto Blue Jays,1,1,0.881759132503,5,9,6
808,2021-07-25,Boston Red Sox,New York Yankees,1,1,0.758511424333,5,5,2
805,2021-07-22,Boston Red Sox,New York Yankees,1,0,0.528948559419,5,10,7
794,2021-07-05,Boston Red Sox,Los Angeles Angels,1,1,0.630867698912,5,7,10
784,2021-06-25,Boston Red Sox,New York Yankees,1,1,0.518332727875,5,7,8
768,2021-06-07,Boston Red Sox,Miami Marlins,1,0,0.536957265554,5,10,7
765,2021-06-04,Boston Red Sox,New York Yankees,1,1,0.597195394822,5,9,4
764,2021-06-03,Boston Red Sox,Houston Astros,1,0,0.608780821093,5,8,9
759,2021-05-28,Boston Red Sox,Miami Marlins,1,1,0.969986513227,5,5,3
750,2021-05-16,Boston Red Sox,Los Angeles Angels,0,0,0.673287406277,5,9,5
739,2021-05-05,Boston Red Sox,Detroit Tigers,0,0,0.690360643595,5,9,11
731,2021-04-25,Boston Red Sox,Seattle Mariners,1,1,0.885373157453,5,5,5
700,2020-09-18,Boston Red Sox,New York Yankees,0,0,0.921964670070,5,10,12
699,2020-09-17,Boston Red Sox,Miami Marlins,1,0,0.591791663069,5,10,5
692,2020-09-08,Boston Red Sox,Philadelphia Phillies,1,0,0.532336659473,5,10,8
691,2020-09-08,Boston Red Sox,Philadelphia Phillies,0,1,0.933252294358,5,11,8
685,2020-09-02,Boston Red Sox,Atlanta Braves,0,1,0.625319050608,5,7,5
681,2020-08-29,Boston Red Sox,Washington Nationals,1,1,0.965661535065,5,9,3
669,2020-08-15,Boston Red Sox,New York Yankees,0,1,0.920239460162,5,11,6
666,2020-08-12,Boston Red Sox,Tampa Bay Rays,0,0,0.580212990303,5,12,6
663,2020-08-09,Boston Red Sox,Toronto Blue Jays,1,1,0.530419952986,5,4,1
661,2020-08-07,Boston Red Sox,Toronto Blue Jays,1,1,0.679598862101,5,6,9
660,2020-08-05,Boston Red Sox,Tampa Bay Rays,1,0,0.519528125637,5,10,7
648,2019-09-29,Boston Red Sox,Baltimore Orioles,1,0,0.543097486976,5,12,9
645,2019-09-26,Boston Red Sox,Texas Rangers,0,1,0.747189853221,5,10,5
638,2019-09-19,Boston Red Sox,San Francisco Giants,1,0,0.645530993276,5,10,10
629,2019-09-08,Boston Red Sox,New York Yankees,0,1,0.805919961974,5,9,2
624,2019-09-03,Boston Red Sox,Minnesota Twins,0,1,0.543197771666,5,6,6
617,2019-08-24,Boston Red Sox,San Diego Padres,1,0,0.506627177049,5,10,9
610,2019-08-14,Boston Red Sox,Cleveland Indians,1,1,0.588607282245,5,12,8
608,2019-08-12,Boston Red Sox,Cleveland Indians,0,1,0.897605533653,5,12,9
603,2019-08-07,Boston Red Sox,Kansas City Royals,1,0,0.817369722127,5,12,11
595,2019-07-31,Boston Red Sox,Tampa Bay Rays,0,0,0.585788291860,5,12,9
594,2019-07-30,Boston Red Sox,Tampa Bay Rays,0,1,0.668341458853,5,13,11
588,2019-07-23,Boston Red Sox,Tampa Bay Rays,1,0,0.549841627992,5,10,7
583,2019-07-18,Boston Red Sox,Toronto Blue Jays,1,1,0.694563970967,5,7,7
582,2019-07-17,Boston Red Sox,Toronto Blue Jays,1,1,0.781124428923,5,14,11
554,2019-06-11,Boston Red Sox,Texas Rangers,0,1,0.550519939393,5,9,8
551,2019-06-08,Boston Red Sox,Tampa Bay Rays,1,1,0.731280874319,5,6,7
541,2019-05-28,Boston Red Sox,Cleveland Indians,0,0,0.565051674372,5,10,8
516,2019-04-30,Boston Red Sox,Oakland Athletics,1,1,0.803084569243,5,7,6
501,2019-04-13,Boston Red Sox,Baltimore Orioles,0,1,0.777848655051,5,6,4
498,2019-04-09,Boston Red Sox,Toronto Blue Jays,0,0,0.509693515062,5,8,6
489,2019-03-30,Boston Red Sox,Seattle Mariners,0,0,0.978649133779,5,9,9
485,2018-09-29,Boston Red Sox,New York Yankees,0,0,0.714900063186,5,10,11
473,2018-09-15,Boston Red Sox,New York Mets,1,0,0.598058903834,5,10,10
464,2018-09-04,Boston Red Sox,Atlanta Braves,1,1,0.536345604766,5,8,12
448,2018-08-18,Boston Red Sox,Tampa Bay Rays,1,1,0.948114014536,5,4,1
442,2018-08-11,Boston Red Sox,Baltimore Orioles,1,1,0.873557279182,5,9,6
440,2018-08-09,Boston Red Sox,Toronto Blue Jays,0,1,0.939143751251,5,10,7
437,2018-08-05,Boston Red Sox,New York Yankees,1,0,0.991664255003,5,10,13
426,2018-07-23,Boston Red Sox,Baltimore Orioles,1,1,0.972603144497,5,7,5
422,2018-07-15,Boston Red Sox,Toronto Blue Jays,1,1,0.944191252946,5,6,5
416,2018-07-09,Boston Red Sox,Texas Rangers,1,1,0.914760115820,5,9,4
403,2018-06-24,Boston Red Sox,Seattle Mariners,1,1,0.944606560107,5,8,3
393,2018-06-13,Boston Red Sox,Baltimore Orioles,1,1,0.768934838389,5,9,7
383,2018-06-02,Boston Red Sox,Houston Astros,1,1,0.724420118413,5,5,5
371,2018-05-20,Boston Red Sox,Baltimore Orioles,1,1,0.770983963018,5,12,12
365,2018-05-14,Boston Red Sox,Oakland Athletics,0,1,0.915708982131,5,9,5
364,2018-05-13,Boston Red Sox,Toronto Blue Jays,1,1,0.886621920494,5,8,6
363,2018-05-12,Boston Red Sox,Toronto Blue Jays,1,1,0.503174599075,5,12,7
361,2018-05-10,Boston Red Sox,New York Yankees,1,1,0.563778087368,5,10,6
356,2018-05-04,Boston Red Sox,Texas Rangers,1,1,0.927050871841,5,7,3
355,2018-05-03,Boston Red Sox,Texas Rangers,0,1,0.762484648262,5,9,9
354,2018-05-02,Boston Red Sox,Kansas City Royals,1,1,0.965851345241,5,10,4
348,2018-04-26,Boston Red Sox,Toronto Blue Jays,1,1,0.840583565164,5,8,5
317,2017-09-24,Boston Red Sox,Cincinnati Reds,1,1,0.860391124544,5,5,5
316,2017-09-23,Boston Red Sox,Cincinnati Reds,1,1,0.870821050608,5,7,8
315,2017-09-22,Boston Red Sox,Cincinnati Reds,1,1,0.929681049859,5,6,4
285,2017-08-20,Boston Red Sox,New York Yankees,1,1,0.910980285034,5,12,11
282,2017-08-16,Boston Red Sox,St. Louis Cardinals,1,1,0.802735567896,5,9,7
264,2017-07-25,Boston Red Sox,Seattle Mariners,0,0,0.891330084765,5,9,10
258,2017-07-19,Boston Red Sox,Toronto Blue Jays,1,1,0.854415096890,5,7,5
257,2017-07-18,Boston Red Sox,Toronto Blue Jays,1,0,0.975498196001,5,13,10
252,2017-07-14,Boston Red Sox,New York Yankees,1,0,0.812983550349,5,10,12
222,2017-06-09,Boston Red Sox,Detroit Tigers,1,1,0.916637355151,5,11,7
219,2017-06-06,Boston Red Sox,New York Yankees,1,1,0.855670185862,5,6,3
217,2017-06-03,Boston Red Sox,Baltimore Orioles,1,1,0.883564230531,5,9,6
215,2017-06-01,Boston Red Sox,Baltimore Orioles,0,1,0.772312596114,5,9,4
201,2017-05-17,Boston Red Sox,St. Louis Cardinals,1,0,0.698940526824,5,11,9
188,2017-05-02,Boston Red Sox,Baltimore Orioles,1,1,0.963000509741,5,10,5
184,2017-04-28,Boston Red Sox,Chicago Cubs,1,1,0.658673903433,5,13,7
172,2017-04-14,Boston Red Sox,Tampa Bay Rays,0,0,0.544968461408,5,14,12
170,2017-04-12,Boston Red Sox,Baltimore Orioles,0,1,0.810923618065,5,11,11
165,2017-04-07,Boston Red Sox,Detroit Tigers,0,1,0.753613559597,5,10,9
163,2017-04-03,Boston Red Sox,Pittsburgh Pirates,1,1,0.876678492459,5,10,6
160,2016-09-30,Boston Red Sox,Toronto Blue Jays,1,1,0.581086663708,5,10,8
153,2016-09-22,Boston Red Sox,Baltimore Orioles,1,1,0.633126772706,5,9,10
152,2016-09-21,Boston Red Sox,Baltimore Orioles,1,0,0.797555888411,5,6,5
151,2016-09-20,Boston Red Sox,Baltimore Orioles,1,1,0.641114391277,5,11,7
150,2016-09-19,Boston Red Sox,Baltimore Orioles,1,1,0.937075081859,5,9,5
149,2016-09-18,Boston Red Sox,New York Yankees,1,1,0.711731266955,5,10,8
138,2016-09-06,Boston Red Sox,San Diego Padres,1,1,0.567165356048,5,10,8
123,2016-08-21,Boston Red Sox,Detroit Tigers,0,1,0.879474766823,5,7,4
118,2016-08-16,Boston Red Sox,Baltimore Orioles,1,1,0.846607246092,5,7,6
111,2016-08-09,Boston Red Sox,New York Yankees,1,1,0.960560816347,5,9,3
110,2016-08-07,Boston Red Sox,Los Angeles Dodgers,0,1,0.639282588545,5,6,6
103,2016-07-31,Boston Red Sox,Los Angeles Angels,1,0,0.791918509414,5,9,8
89,2016-07-16,Boston Red Sox,New York Yankees,1,1,0.699121166986,5,10,9
88,2016-07-15,Boston Red Sox,New York Yankees,1,1,0.568003464957,5,8,7
79,2016-07-01,Boston Red Sox,Los Angeles Angels,1,1,0.856980098219,5,16,10
58,2016-06-07,Boston Red Sox,San Francisco Giants,1,1,0.862696102757,5,9,7
50,2016-05-29,Boston Red Sox,Toronto Blue Jays,1,1,0.595595697776,5,9,11
48,2016-05-27,Boston Red Sox,Toronto Blue Jays,0,1,0.745371030784,5,7,3
44,2016-05-22,Boston Red Sox,Cleveland Indians,1,0,0.671106642449,5,12,12
41,2016-05-18,Boston Red Sox,Kansas City Royals,1,1,0.704425728381,5,10,10
31,2016-05-08,Boston Red Sox,New York Yankees,1,1,0.902997233504,5,7,2
27,2016-05-04,Boston Red Sox,Chicago White Sox,1,1,0.668994664016,5,11,7
9,2016-04-15,Boston Red Sox,Toronto Blue Jays,1,1,0.708563870219,5,9,9
7,2016-04-12,Boston Red Sox,Baltimore Orioles,0,1,0.867751240094,5,10,6
868,2021-10-01,Boston Red Sox,Washington Nationals,1,1,0.559006613482,4,7,9
854,2021-09-13,Boston Red Sox,Seattle Mariners,0,0,0.889134210983,4,7,4
846,2021-09-04,Boston Red Sox,Cleveland Indians,1,1,0.512080431647,4,7,10
844,2021-09-02,Boston Red Sox,Tampa Bay Rays,1,0,0.925039442678,4,9,7
838,2021-08-27,Boston Red Sox,Cleveland Indians,1,0,0.710955209294,4,3,3
823,2021-08-10,Boston Red Sox,Tampa Bay Rays,0,0,0.875996046009,4,9,7
819,2021-08-06,Boston Red Sox,Toronto Blue Jays,0,0,0.806147068755,4,8,9
817,2021-08-04,Boston Red Sox,Detroit Tigers,1,1,0.583665785585,4,11,7
811,2021-07-28,Boston Red Sox,Toronto Blue Jays,1,1,0.821838218357,4,11,9
800,2021-07-16,Boston Red Sox,New York Yankees,1,1,0.670265634506,4,5,4
799,2021-07-11,Boston Red Sox,Philadelphia Phillies,0,0,0.693073100000,4,11,10
796,2021-07-07,Boston Red Sox,Los Angeles Angels,0,0,0.809494571396,4,9,6
785,2021-06-26,Boston Red Sox,New York Yankees,1,1,0.806841095978,4,10,7
774,2021-06-13,Boston Red Sox,Toronto Blue Jays,0,0,0.828083532470,4,6,5
755,2021-05-22,Boston Red Sox,Philadelphia Phillies,1,0,0.749573417388,4,7,9
748,2021-05-14,Boston Red Sox,Los Angeles Angels,1,0,0.501050369033,4,9,5
743,2021-05-09,Boston Red Sox,Baltimore Orioles,1,0,0.536887965354,4,8,7
726,2021-04-20,Boston Red Sox,Toronto Blue Jays,1,1,0.796253523455,4,9,5
718,2021-04-13,Boston Red Sox,Minnesota Twins,1,1,0.820232640585,4,7,3
698,2020-09-16,Boston Red Sox,Miami Marlins,0,0,0.860520137529,4,10,11
695,2020-09-12,Boston Red Sox,Tampa Bay Rays,0,1,0.657455985504,4,7,4
693,2020-09-10,Boston Red Sox,Tampa Bay Rays,1,0,0.912143851803,4,8,6
677,2020-08-23,Boston Red Sox,Baltimore Orioles,0,1,0.589474962556,4,6,6
676,2020-08-22,Boston Red Sox,Baltimore Orioles,0,0,0.727567387102,4,8,9
655,2020-07-30,Boston Red Sox,New York Mets,1,0,0.732181600208,4,9,8
652,2020-07-27,Boston Red Sox,New York Mets,0,1,0.714219808375,4,8,5
651,2020-07-26,Boston Red Sox,Baltimore Orioles,0,1,0.605123085903,4,7,3
647,2019-09-28,Boston Red Sox,Baltimore Orioles,0,0,0.715167500385,4,9,9
642,2019-09-23,Boston Red Sox,Tampa Bay Rays,0,0,0.905866099815,4,10,11
640,2019-09-21,Boston Red Sox,Tampa Bay Rays,0,0,0.967511422949,4,7,5
639,2019-09-20,Boston Red Sox,Tampa Bay Rays,0,0,0.958113686606,4,7,6
623,2019-09-01,Boston Red Sox,Los Angeles Angels,1,0,0.737058244022,4,8,6
622,2019-08-31,Boston Red Sox,Los Angeles Angels,0,1,0.624461839610,4,9,10
612,2019-08-17,Boston Red Sox,Baltimore Orioles,1,1,0.524190119618,4,7,6
607,2019-08-11,Boston Red Sox,Los Angeles Angels,0,0,0.954444924378,4,8,9
606,2019-08-10,Boston Red Sox,Los Angeles Angels,0,0,0.601514233278,4,9,11
600,2019-08-04,Boston Red Sox,New York Yankees,0,1,0.552841204357,4,7,5
599,2019-08-03,Boston Red Sox,New York Yankees,0,0,0.842951252818,4,8,11
596,2019-08-01,Boston Red Sox,Tampa Bay Rays,0,0,0.778259024563,4,10,7
581,2019-07-16,Boston Red Sox,Toronto Blue Jays,0,0,0.576805000805,4,9,10
579,2019-07-14,Boston Red Sox,Los Angeles Dodgers,0,0,0.993370602426,4,11,13
555,2019-06-12,Boston Red Sox,Texas Rangers,1,0,0.568858571695,4,10,9
539,2019-05-26,Boston Red Sox,Houston Astros,1,0,0.665004760554,4,6,6
532,2019-05-19,Boston Red Sox,Houston Astros,1,1,0.775606364505,4,11,6
528,2019-05-14,Boston Red Sox,Colorado Rockies,0,0,0.870515676792,4,9,9
518,2019-05-02,Boston Red Sox,Chicago White Sox,0,0,0.822143448227,4,8,10
509,2019-04-23,Boston Red Sox,Detroit Tigers,0,1,0.682290566076,4,5,2
508,2019-04-21,Boston Red Sox,Tampa Bay Rays,1,0,0.827136709209,4,8,9
502,2019-04-14,Boston Red Sox,Baltimore Orioles,1,0,0.559533056142,4,7,6
496,2019-04-06,Boston Red Sox,Arizona Diamondbacks,0,0,0.546934127840,4,6,7
487,2019-03-28,Boston Red Sox,Seattle Mariners,0,0,0.687569254042,4,11,9
479,2018-09-22,Boston Red Sox,Cleveland Indians,0,0,0.938576520879,4,8,10
474,2018-09-16,Boston Red Sox,New York Mets,1,0,0.530303753580,4,6,3
471,2018-09-13,Boston Red Sox,Toronto Blue Jays,1,1,0.722915278156,4,9,7
450,2018-08-20,Boston Red Sox,Cleveland Indians,0,0,0.808614176316,4,13,11
446,2018-08-15,Boston Red Sox,Philadelphia Phillies,0,0,0.755322848807,4,10,9
444,2018-08-12,Boston Red Sox,Baltimore Orioles,1,0,0.751538638799,4,9,7
436,2018-08-04,Boston Red Sox,New York Yankees,1,1,0.608067280115,4,6,3
435,2018-08-03,Boston Red Sox,New York Yankees,1,1,0.868246099163,4,7,6
429,2018-07-27,Boston Red Sox,Minnesota Twins,1,0,0.543566739629,4,8,6
418,2018-07-11,Boston Red Sox,Texas Rangers,1,0,0.648944444784,4,11,7
410,2018-07-02,Boston Red Sox,Washington Nationals,1,0,0.899702591226,4,7,7
406,2018-06-28,Boston Red Sox,Los Angeles Angels,1,1,0.824352081426,4,7,5
389,2018-06-09,Boston Red Sox,Chicago White Sox,1,0,0.902285848006,4,8,7
373,2018-05-23,Boston Red Sox,Tampa Bay Rays,1,0,0.930201881469,4,5,5
372,2018-05-22,Boston Red Sox,Tampa Bay Rays,1,1,0.653526284191,4,7,5
369,2018-05-18,Boston Red Sox,Baltimore Orioles,0,1,0.735803651706,4,13,10
351,2018-04-29,Boston Red Sox,Tampa Bay Rays,1,0,0.536802031529,4,7,8
347,2018-04-25,Boston Red Sox,Toronto Blue Jays,1,0,0.788889180934,4,6,10
330,2018-04-03,Boston Red Sox,Miami Marlins,1,0,0.919338297883,4,12,7
325,2018-03-29,Boston Red Sox,Tampa Bay Rays,0,1,0.728949842419,4,8,4
319,2017-09-26,Boston Red Sox,Toronto Blue Jays,0,0,0.786135477948,4,8,4
318,2017-09-25,Boston Red Sox,Toronto Blue Jays,0,0,0.605131457708,4,7,4
300,2017-09-04,Boston Red Sox,Toronto Blue Jays,0,0,0.862323542498,4,9,10
297,2017-09-01,Boston Red Sox,New York Yankees,1,0,0.849532249105,4,7,5
286,2017-08-21,Boston Red Sox,Cleveland Indians,0,0,0.617382646911,4,5,7
277,2017-08-11,Boston Red Sox,New York Yankees,0,0,0.547388330692,4,8,9
273,2017-08-05,Boston Red Sox,Chicago White Sox,1,1,0.628420196970,4,5,4
265,2017-07-26,Boston Red Sox,Seattle Mariners,1,1,0.781629910197,4,9,6
238,2017-06-26,Boston Red Sox,Minnesota Twins,1,0,0.678103937980,4,9,7
234,2017-06-21,Boston Red Sox,Kansas City Royals,0,0,0.583514926427,4,5,5
226,2017-06-13,Boston Red Sox,Philadelphia Phillies,1,0,0.636362043513,4,14,12
214,2017-05-31,Boston Red Sox,Chicago White Sox,1,0,0.826820090304,4,7,5
212,2017-05-29,Boston Red Sox,Chicago White Sox,0,0,0.648579570548,4,4,5
197,2017-05-12,Boston Red Sox,Tampa Bay Rays,0,0,0.895551415850,4,5,6
196,2017-05-11,Boston Red Sox,Milwaukee Brewers,1,0,0.879999204672,4,8,9
195,2017-05-10,Boston Red Sox,Milwaukee Brewers,0,1,0.552710508252,4,11,9
189,2017-05-03,Boston Red Sox,Baltimore Orioles,1,1,0.845410997112,4,6,8
185,2017-04-29,Boston Red Sox,Chicago Cubs,0,1,0.714590797252,4,10,5
178,2017-04-20,Boston Red Sox,Toronto Blue Jays,1,0,0.791676262309,4,7,6
175,2017-04-17,Boston Red Sox,Tampa Bay Rays,1,0,0.613721081797,4,9,7
171,2017-04-13,Boston Red Sox,Pittsburgh Pirates,1,0,0.522374000963,4,8,6
157,2016-09-27,Boston Red Sox,New York Yankees,0,0,0.505460207604,4,10,8
130,2016-08-28,Boston Red Sox,Kansas City Royals,0,0,0.536411625299,4,9,6
112,2016-08-10,Boston Red Sox,New York Yankees,0,0,0.643399912003,4,9,11
105,2016-08-02,Boston Red Sox,Seattle Mariners,0,1,0.605914848886,4,6,5
91,2016-07-19,Boston Red Sox,San Francisco Giants,1,1,0.684311291407,4,4,2
87,2016-07-10,Boston Red Sox,Tampa Bay Rays,1,1,0.502115859416,4,8,5
86,2016-07-09,Boston Red Sox,Tampa Bay Rays,1,0,0.583960316381,4,8,8
66,2016-06-17,Boston Red Sox,Seattle Mariners,0,1,0.836416260383,4,11,7
62,2016-06-12,Boston Red Sox,Minnesota Twins,0,0,0.850579672331,4,7,6
57,2016-06-05,Boston Red Sox,Toronto Blue Jays,0,0,0.508370096257,4,6,5
39,2016-05-17,Boston Red Sox,Kansas City Royals,0,0,0.562245129491,4,8,5
23,2016-04-29,Boston Red Sox,New York Yankees,1,0,0.505846916461,4,8,5
10,2016-04-16,Boston Red Sox,Toronto Blue Jays,1,1,0.789740240288,4,9,5
8,2016-04-13,Boston Red Sox,Baltimore Orioles,1,1,0.704201932525,4,8,6
864,2021-09-26,Boston Red Sox,New York Yankees,0,0,0.956648807471,3,11,8
863,2021-09-25,Boston Red Sox,New York Yankees,0,0,0.981341480676,3,7,7
862,2021-09-24,Boston Red Sox,New York Yankees,0,0,0.934582332340,3,7,7
851,2021-09-10,Boston Red Sox,Chicago White Sox,0,0,0.961887566403,3,8,7
843,2021-09-01,Boston Red Sox,Tampa Bay Rays,1,0,0.966277333480,3,9,5
829,2021-08-17,Boston Red Sox,New York Yankees,0,0,0.830837739965,3,8,5
813,2021-07-30,Boston Red Sox,Tampa Bay Rays,0,0,0.988853983663,3,10,9
807,2021-07-24,Boston Red Sox,New York Yankees,0,0,0.785372577685,3,7,7
795,2021-07-06,Boston Red Sox,Los Angeles Angels,0,0,0.669370205687,3,6,4
791,2021-07-02,Boston Red Sox,Oakland Athletics,1,0,0.862542388188,3,6,6
780,2021-06-20,Boston Red Sox,Kansas City Royals,0,0,0.889355435632,3,11,10
778,2021-06-18,Boston Red Sox,Kansas City Royals,0,0,0.970485462090,3,11,8
770,2021-06-09,Boston Red Sox,Houston Astros,0,0,0.813882157412,3,4,2
760,2021-05-29,Boston Red Sox,Miami Marlins,1,0,0.751907685549,3,12,8
737,2021-05-02,Boston Red Sox,Texas Rangers,0,0,0.726396753979,3,9,5
728,2021-04-22,Boston Red Sox,Seattle Mariners,0,0,0.958892442295,3,8,8
727,2021-04-21,Boston Red Sox,Toronto Blue Jays,0,0,0.934821111085,3,10,9
721,2021-04-15,Boston Red Sox,Minnesota Twins,0,0,0.936765545741,3,4,5
719,2021-04-14,Boston Red Sox,Minnesota Twins,1,0,0.935631873450,3,11,12
711,2021-04-04,Boston Red Sox,Baltimore Orioles,0,0,0.802176251386,3,6,5
688,2020-09-04,Boston Red Sox,Toronto Blue Jays,1,0,0.923162246162,3,7,7
684,2020-09-01,Boston Red Sox,Atlanta Braves,0,0,0.966923300862,3,8,7
683,2020-08-31,Boston Red Sox,Atlanta Braves,0,0,0.977258346465,3,8,6
671,2020-08-17,Boston Red Sox,New York Yankees,0,0,0.951065011641,3,8,8
668,2020-08-14,Boston Red Sox,New York Yankees,0,0,0.965188970659,3,7,5
653,2020-07-28,Boston Red Sox,New York Mets,0,0,0.887834420538,3,9,6
637,2019-09-18,Boston Red Sox,San Francisco Giants,0,0,0.533987237469,3,6,5
631,2019-09-10,Boston Red Sox,Toronto Blue Jays,0,0,0.747080256867,3,8,8
604,2019-08-08,Boston Red Sox,Los Angeles Angels,1,0,0.807278475954,3,5,2
572,2019-07-03,Boston Red Sox,Toronto Blue Jays,0,0,0.886748981120,3,8,5
561,2019-06-18,Boston Red Sox,Minnesota Twins,0,0,0.999720390723,3,17,14
553,2019-06-10,Boston Red Sox,Texas Rangers,0,0,0.925147419647,3,9,7
544,2019-06-01,Boston Red Sox,New York Yankees,0,0,0.992303147666,3,11,10
538,2019-05-25,Boston Red Sox,Houston Astros,0,0,0.965029608887,3,9,9
537,2019-05-24,Boston Red Sox,Houston Astros,0,0,0.965094918655,3,7,6
534,2019-05-21,Boston Red Sox,Toronto Blue Jays,0,0,0.942795302238,3,7,10
531,2019-05-18,Boston Red Sox,Houston Astros,0,0,0.704950470095,3,5,6
505,2019-04-17,Boston Red Sox,New York Yankees,0,0,0.816771116698,3,8,6
494,2019-04-04,Boston Red Sox,Oakland Athletics,0,0,0.881703461873,3,10,10
483,2018-09-26,Boston Red Sox,Baltimore Orioles,0,0,0.933540814238,3,6,9
480,2018-09-23,Boston Red Sox,Cleveland Indians,0,0,0.976822596488,3,8,13
467,2018-09-08,Boston Red Sox,Houston Astros,0,0,0.929414176154,3,10,9
466,2018-09-07,Boston Red Sox,Houston Astros,0,0,0.968547797030,3,8,9
454,2018-08-24,Boston Red Sox,Tampa Bay Rays,0,0,0.991694685941,3,13,11
451,2018-08-21,Boston Red Sox,Cleveland Indians,0,0,0.837517728682,3,5,2
431,2018-07-29,Boston Red Sox,Minnesota Twins,1,0,0.977721036407,3,10,12
412,2018-07-04,Boston Red Sox,Washington Nationals,1,0,0.910055600455,3,9,8
382,2018-06-01,Boston Red Sox,Houston Astros,0,0,0.915070085607,3,7,6
374,2018-05-24,Boston Red Sox,Tampa Bay Rays,0,0,0.964966330740,3,7,5
366,2018-05-15,Boston Red Sox,Oakland Athletics,0,0,0.853816892257,3,10,9
362,2018-05-11,Boston Red Sox,Toronto Blue Jays,0,0,0.995857478714,3,6,8
349,2018-04-27,Boston Red Sox,Tampa Bay Rays,0,0,0.929770257368,3,8,5
346,2018-04-24,Boston Red Sox,Toronto Blue Jays,0,0,0.991562736301,3,9,6
339,2018-04-15,Boston Red Sox,Baltimore Orioles,1,0,0.866950836635,3,10,9
331,2018-04-05,Boston Red Sox,Tampa Bay Rays,1,0,0.963035796456,3,10,11
327,2018-03-31,Boston Red Sox,Tampa Bay Rays,1,0,0.802548290389,3,7,9
324,2017-10-01,Boston Red Sox,Houston Astros,0,0,0.987762161385,3,7,5
310,2017-09-16,Boston Red Sox,Tampa Bay Rays,1,0,0.806388814834,3,7,5
307,2017-09-13,Boston Red Sox,Oakland Athletics,0,0,0.722880977666,3,9,7
301,2017-09-05,Boston Red Sox,Toronto Blue Jays,1,0,0.999629313541,3,11,11
294,2017-08-29,Boston Red Sox,Toronto Blue Jays,1,0,0.621080260977,3,9,5
290,2017-08-25,Boston Red Sox,Baltimore Orioles,0,0,0.666847378875,3,6,7
284,2017-08-19,Boston Red Sox,New York Yankees,0,0,0.963226513925,3,6,6
280,2017-08-14,Boston Red Sox,Cleveland Indians,0,0,0.981927565721,3,8,8
279,2017-08-13,Boston Red Sox,New York Yankees,1,0,0.989312595828,3,4,8
272,2017-08-04,Boston Red Sox,Chicago White Sox,1,0,0.991153727882,3,8,5
268,2017-07-30,Boston Red Sox,Kansas City Royals,0,0,0.787651122718,3,9,7
261,2017-07-22,Boston Red Sox,Los Angeles Angels,0,0,0.936637638999,3,6,5
256,2017-07-17,Boston Red Sox,Toronto Blue Jays,0,0,0.811069470548,3,6,5
255,2017-07-16,Boston Red Sox,New York Yankees,1,0,0.907689814091,3,8,4
251,2017-07-09,Boston Red Sox,Tampa Bay Rays,0,0,0.956055202337,3,9,9
236,2017-06-24,Boston Red Sox,Los Angeles Angels,0,0,0.974983232195,3,6,6
224,2017-06-11,Boston Red Sox,Detroit Tigers,0,0,0.970795388686,3,12,12
209,2017-05-26,Boston Red Sox,Seattle Mariners,1,0,0.984625496991,3,8,11
204,2017-05-20,Boston Red Sox,Oakland Athletics,0,0,0.941781218646,3,7,5
202,2017-05-18,Boston Red Sox,Oakland Athletics,0,0,0.896838299360,3,6,5
191,2017-05-05,Boston Red Sox,Minnesota Twins,0,0,0.819349258552,3,9,8
190,2017-05-04,Boston Red Sox,Baltimore Orioles,0,0,0.874693806281,3,9,6
164,2017-04-05,Boston Red Sox,Pittsburgh Pirates,1,0,0.975593001795,3,8,8
161,2016-10-01,Boston Red Sox,Toronto Blue Jays,0,0,0.819983481730,3,5,7
158,2016-09-28,Boston Red Sox,New York Yankees,0,0,0.832099819535,3,5,9
156,2016-09-25,Boston Red Sox,Tampa Bay Rays,1,0,0.949553439907,3,8,8
144,2016-09-13,Boston Red Sox,Baltimore Orioles,0,0,0.868012657702,3,9,9
132,2016-08-30,Boston Red Sox,Tampa Bay Rays,0,0,0.922540562116,3,6,5
128,2016-08-26,Boston Red Sox,Kansas City Royals,0,0,0.988183792805,3,15,12
126,2016-08-24,Boston Red Sox,Tampa Bay Rays,0,0,0.979425482808,3,9,6
122,2016-08-20,Boston Red Sox,Detroit Tigers,1,0,0.974658038082,3,8,6
120,2016-08-18,Boston Red Sox,Detroit Tigers,0,0,0.953022243684,3,9,9
117,2016-08-15,Boston Red Sox,Cleveland Indians,1,0,0.746033774357,3,10,7
107,2016-08-04,Boston Red Sox,Seattle Mariners,1,0,0.891545523387,3,13,10
99,2016-07-27,Boston Red Sox,Detroit Tigers,0,1,0.720163535743,3,7,2
74,2016-06-25,Boston Red Sox,Texas Rangers,0,0,0.908334071302,3,7,6
22,2016-04-28,Boston Red Sox,Atlanta Braves,0,0,0.949170853490,3,10,9
17,2016-04-23,Boston Red Sox,Houston Astros,0,0,0.938108561161,3,9,8
12,2016-04-18,Boston Red Sox,Toronto Blue Jays,0,0,0.712879524041,3,7,3
11,2016-04-17,Boston Red Sox,Toronto Blue Jays,0,0,0.940574480939,3,4,5
867,2021-09-30,Boston Red Sox,Baltimore Orioles,0,0,0.916468377125,2,5,5
865,2021-09-28,Boston Red Sox,Baltimore Orioles,0,0,0.910032381754,2,3,3
850,2021-09-08,Boston Red Sox,Tampa Bay Rays,1,0,0.934793443776,2,7,6
831,2021-08-18,Boston Red Sox,New York Yankees,0,0,0.916330807169,2,4,4
821,2021-08-07,Boston Red Sox,Toronto Blue Jays,1,0,0.919933789212,2,8,5
816,2021-08-03,Boston Red Sox,Detroit Tigers,0,0,0.993269510704,2,9,9
815,2021-08-01,Boston Red Sox,Tampa Bay Rays,0,0,0.996931093968,2,8,10
798,2021-07-10,Boston Red Sox,Philadelphia Phillies,0,0,0.983242539733,2,4,7
782,2021-06-23,Boston Red Sox,Tampa Bay Rays,0,0,0.996359457187,2,6,10
775,2021-06-14,Boston Red Sox,Toronto Blue Jays,1,0,0.967638922784,2,7,5
773,2021-06-12,Boston Red Sox,Toronto Blue Jays,0,0,0.990297403251,2,5,7
761,2021-05-31,Boston Red Sox,Houston Astros,0,0,0.982862602479,2,5,4
756,2021-05-23,Boston Red Sox,Philadelphia Phillies,0,0,0.990166745931,2,4,5
745,2021-05-11,Boston Red Sox,Oakland Athletics,0,0,0.982406303752,2,4,4
732,2021-04-27,Boston Red Sox,New York Mets,1,0,0.926354761217,2,5,2
730,2021-04-24,Boston Red Sox,Seattle Mariners,0,0,0.974117886606,2,6,4
723,2021-04-18,Boston Red Sox,Chicago White Sox,0,0,0.617864187339,2,8,3
710,2021-04-03,Boston Red Sox,Baltimore Orioles,0,0,0.975607382760,2,7,8
697,2020-09-15,Boston Red Sox,Miami Marlins,1,0,0.989202454750,2,7,8
686,2020-09-03,Boston Red Sox,Toronto Blue Jays,0,0,0.996242027625,2,9,11
680,2020-08-28,Boston Red Sox,Washington Nationals,0,0,0.997086828090,2,10,8
670,2020-08-16,Boston Red Sox,New York Yankees,0,0,0.980080399130,2,5,6
665,2020-08-11,Boston Red Sox,Tampa Bay Rays,0,0,0.970839121271,2,9,6
657,2020-08-01,Boston Red Sox,New York Yankees,0,0,0.998434373171,2,6,8
650,2020-07-25,Boston Red Sox,Baltimore Orioles,0,0,0.997088082648,2,9,10
634,2019-09-14,Boston Red Sox,Philadelphia Phillies,1,0,0.980949996270,2,6,8
615,2019-08-21,Boston Red Sox,Philadelphia Phillies,0,0,0.975583140166,2,8,9
614,2019-08-20,Boston Red Sox,Philadelphia Phillies,0,0,0.926810745261,2,6,3
602,2019-08-06,Boston Red Sox,Kansas City Royals,0,0,0.958518003639,2,9,8
598,2019-08-03,Boston Red Sox,New York Yankees,0,0,0.975931303781,2,5,3
597,2019-08-02,Boston Red Sox,New York Yankees,0,0,0.972837706672,2,3,4
589,2019-07-24,Boston Red Sox,Tampa Bay Rays,0,0,0.995504364199,2,5,3
584,2019-07-19,Boston Red Sox,Baltimore Orioles,0,0,0.970023928141,2,7,7
578,2019-07-13,Boston Red Sox,Los Angeles Dodgers,0,0,0.973095629560,2,6,4
560,2019-06-17,Boston Red Sox,Minnesota Twins,1,0,0.980798855737,2,7,4
550,2019-06-08,Boston Red Sox,Tampa Bay Rays,0,0,0.975669889458,2,6,4
524,2019-05-08,Boston Red Sox,Baltimore Orioles,1,0,0.997206813519,2,8,10
514,2019-04-28,Boston Red Sox,Tampa Bay Rays,0,0,0.967319007657,2,7,5
510,2019-04-23,Boston Red Sox,Detroit Tigers,0,0,0.989462213216,2,9,13
475,2018-09-18,Boston Red Sox,New York Yankees,0,0,0.964629986498,2,5,8
445,2018-08-14,Boston Red Sox,Philadelphia Phillies,1,0,0.934511528922,2,6,5
432,2018-07-30,Boston Red Sox,Philadelphia Phillies,1,0,0.982786990537,2,7,6
402,2018-06-23,Boston Red Sox,Seattle Mariners,0,0,0.971619065842,2,6,6
398,2018-06-19,Boston Red Sox,Minnesota Twins,0,0,0.994119758532,2,8,11
394,2018-06-14,Boston Red Sox,Seattle Mariners,1,0,0.958751564125,2,8,7
391,2018-06-11,Boston Red Sox,Baltimore Orioles,1,0,0.996183710664,2,6,8
390,2018-06-10,Boston Red Sox,Chicago White Sox,0,0,0.994638075229,2,7,12
387,2018-06-07,Boston Red Sox,Detroit Tigers,0,0,0.979262728234,2,7,9
381,2018-05-31,Boston Red Sox,Houston Astros,0,0,0.964121720262,2,6,7
359,2018-05-08,Boston Red Sox,New York Yankees,0,0,0.995870430661,2,8,7
328,2018-04-01,Boston Red Sox,Tampa Bay Rays,1,0,0.981889312698,2,6,11
322,2017-09-29,Boston Red Sox,Houston Astros,0,0,0.961166876311,2,5,5
321,2017-09-28,Boston Red Sox,Houston Astros,0,0,0.969460978139,2,6,8
311,2017-09-17,Boston Red Sox,Tampa Bay Rays,0,0,0.961278177954,2,3,2
299,2017-09-03,Boston Red Sox,New York Yankees,0,0,0.999407560550,2,5,7
296,2017-08-31,Boston Red Sox,New York Yankees,0,0,0.992824867768,2,4,12
275,2017-08-08,Boston Red Sox,Tampa Bay Rays,1,0,0.966166327238,2,12,9
266,2017-07-28,Boston Red Sox,Kansas City Royals,0,0,0.931957528329,2,7,6
262,2017-07-23,Boston Red Sox,Los Angeles Angels,0,0,0.907184421135,2,6,4
247,2017-07-05,Boston Red Sox,Texas Rangers,0,0,0.954219397743,2,3,4
237,2017-06-25,Boston Red Sox,Los Angeles Angels,0,0,0.912761555461,2,8,5
232,2017-06-19,Boston Red Sox,Kansas City Royals,0,0,0.964218523512,2,10,11
229,2017-06-16,Boston Red Sox,Houston Astros,1,0,0.898876075575,2,7,6
216,2017-06-02,Boston Red Sox,Baltimore Orioles,0,0,0.946604017979,2,4,2
203,2017-05-19,Boston Red Sox,Oakland Athletics,0,0,0.989041482236,2,10,10
199,2017-05-14,Boston Red Sox,Tampa Bay Rays,0,0,0.993237021404,2,6,9
187,2017-05-01,Boston Red Sox,Baltimore Orioles,0,0,0.835911105790,2,6,6
180,2017-04-22,Boston Red Sox,Baltimore Orioles,0,0,0.952742248072,2,6,8
173,2017-04-15,Boston Red Sox,Tampa Bay Rays,1,0,0.880112736235,2,6,6
154,2016-09-23,Boston Red Sox,Tampa Bay Rays,1,0,0.985571913582,2,9,11
141,2016-09-10,Boston Red Sox,Toronto Blue Jays,0,0,0.963550391514,2,4,6
125,2016-08-23,Boston Red Sox,Tampa Bay Rays,1,0,0.996722769583,2,5,5
113,2016-08-11,Boston Red Sox,New York Yankees,0,0,0.970363316051,2,9,9
104,2016-08-01,Boston Red Sox,Seattle Mariners,1,0,0.873018065988,2,5,2
102,2016-07-30,Boston Red Sox,Los Angeles Angels,0,0,0.997423113169,2,6,11
97,2016-07-25,Boston Red Sox,Detroit Tigers,0,0,0.993511740841,2,10,11
83,2016-07-05,Boston Red Sox,Texas Rangers,0,0,0.949774043874,2,11,14
80,2016-07-02,Boston Red Sox,Los Angeles Angels,0,0,0.966463046442,2,8,10
75,2016-06-26,Boston Red Sox,Texas Rangers,0,0,0.909703393675,2,8,8
68,2016-06-19,Boston Red Sox,Seattle Mariners,1,0,0.828185569797,2,11,11
63,2016-06-14,Boston Red Sox,Baltimore Orioles,0,0,0.987117093886,2,7,7
55,2016-06-03,Boston Red Sox,Toronto Blue Jays,0,0,0.990120198116,2,5,10
47,2016-05-26,Boston Red Sox,Colorado Rockies,0,0,0.957279265680,2,6,7
42,2016-05-20,Boston Red Sox,Cleveland Indians,0,0,0.970087596975,2,6,6
40,2016-05-18,Boston Red Sox,Kansas City Royals,0,0,0.995598913946,2,9,7
30,2016-05-07,Boston Red Sox,New York Yankees,0,0,0.967093160526,2,6,3
29,2016-05-06,Boston Red Sox,New York Yankees,0,0,0.990259758040,2,13,12
853,2021-09-12,Boston Red Sox,Chicago White Sox,0,0,0.998061399067,1,4,5
841,2021-08-30,Boston Red Sox,Tampa Bay Rays,0,0,0.997301680969,1,6,6
833,2021-08-21,Boston Red Sox,Texas Rangers,0,0,0.990861431634,1,5,5
825,2021-08-12,Boston Red Sox,Tampa Bay Rays,0,0,0.997338227769,1,2,3
818,2021-08-05,Boston Red Sox,Detroit Tigers,0,0,0.991970342472,1,9,11
812,2021-07-29,Boston Red Sox,Toronto Blue Jays,0,0,0.998963600783,1,6,10
810,2021-07-28,Boston Red Sox,Toronto Blue Jays,0,0,0.992909749773,1,5,7
802,2021-07-18,Boston Red Sox,New York Yankees,0,0,0.997076635221,1,5,9
801,2021-07-17,Boston Red Sox,New York Yankees,0,0,0.993366701536,1,5,6
793,2021-07-04,Boston Red Sox,Oakland Athletics,1,0,0.998994066350,1,6,6
769,2021-06-08,Boston Red Sox,Houston Astros,0,0,0.999260844175,1,6,8
763,2021-06-02,Boston Red Sox,Houston Astros,0,0,0.999187669962,1,7,8
762,2021-06-01,Boston Red Sox,Houston Astros,0,0,0.995868935717,1,5,5
757,2021-05-25,Boston Red Sox,Atlanta Braves,0,0,0.997770550731,1,4,5
746,2021-05-12,Boston Red Sox,Oakland Athletics,0,0,0.996966543512,1,5,8
744,2021-05-10,Boston Red Sox,Baltimore Orioles,0,0,0.995666946811,1,4,4
734,2021-04-29,Boston Red Sox,Texas Rangers,0,0,0.990549205247,1,3,6
733,2021-04-28,Boston Red Sox,New York Mets,1,0,0.998947708265,1,4,3
724,2021-04-18,Boston Red Sox,Chicago White Sox,0,0,0.987830227495,1,4,4
705,2020-09-24,Boston Red Sox,Baltimore Orioles,0,0,0.996569234700,1,7,5
694,2020-09-11,Boston Red Sox,Tampa Bay Rays,0,0,0.991406310483,1,11,9
679,2020-08-26,Boston Red Sox,Toronto Blue Jays,0,0,0.986793735401,1,3,4
662,2020-08-08,Boston Red Sox,Toronto Blue Jays,0,0,0.997140574529,1,4,7
659,2020-08-04,Boston Red Sox,Tampa Bay Rays,0,0,0.998053519531,1,8,9
656,2020-07-31,Boston Red Sox,New York Yankees,0,0,0.995192593136,1,5,5
646,2019-09-27,Boston Red Sox,Baltimore Orioles,0,0,0.996265768228,1,6,4
628,2019-09-07,Boston Red Sox,New York Yankees,0,0,0.994903497333,1,5,4
626,2019-09-05,Boston Red Sox,Minnesota Twins,0,0,0.942542446385,1,4,3
618,2019-08-25,Boston Red Sox,San Diego Padres,0,0,0.996731372126,1,4,6
565,2019-06-23,Boston Red Sox,Toronto Blue Jays,0,0,0.999289777501,1,7,8
552,2019-06-09,Boston Red Sox,Tampa Bay Rays,0,0,0.999363865261,1,8,9
549,2019-06-07,Boston Red Sox,Tampa Bay Rays,0,0,0.992009843678,1,4,5
543,2019-05-31,Boston Red Sox,New York Yankees,0,0,0.994566671218,1,5,5
530,2019-05-17,Boston Red Sox,Houston Astros,0,0,0.998259833292,1,9,10
522,2019-05-06,Boston Red Sox,Baltimore Orioles,0,0,0.982766453012,1,3,3
513,2019-04-27,Boston Red Sox,Tampa Bay Rays,0,0,0.998875585668,1,5,11
503,2019-04-15,Boston Red Sox,Baltimore Orioles,0,0,0.976817151828,1,4,4
497,2019-04-07,Boston Red Sox,Arizona Diamondbacks,1,0,0.996793288119,1,5,5
476,2018-09-19,Boston Red Sox,New York Yankees,0,0,0.996619941418,1,9,9
470,2018-09-12,Boston Red Sox,Toronto Blue Jays,1,0,0.982505980360,1,4,6
460,2018-08-31,Boston Red Sox,Chicago White Sox,0,0,0.981682520418,1,5,6
456,2018-08-26,Boston Red Sox,Tampa Bay Rays,0,0,0.987372075485,1,3,3
455,2018-08-25,Boston Red Sox,Tampa Bay Rays,0,0,0.987503307802,1,5,3
433,2018-07-31,Boston Red Sox,Philadelphia Phillies,0,0,0.994118139686,1,6,7
428,2018-07-26,Boston Red Sox,Minnesota Twins,0,0,0.996462627528,1,5,8
423,2018-07-20,Boston Red Sox,Detroit Tigers,1,0,0.998679667023,1,6,9
409,2018-07-01,Boston Red Sox,New York Yankees,0,0,0.996259654295,1,4,6
407,2018-06-29,Boston Red Sox,New York Yankees,0,0,0.989363795888,1,6,6
399,2018-06-20,Boston Red Sox,Minnesota Twins,0,0,0.994581233624,1,4,7
377,2018-05-27,Boston Red Sox,Atlanta Braves,0,0,0.995076155505,1,4,6
345,2018-04-22,Boston Red Sox,Oakland Athletics,0,0,0.997770705564,1,6,7
326,2018-03-30,Boston Red Sox,Tampa Bay Rays,1,0,0.988397156879,1,7,6
313,2017-09-19,Boston Red Sox,Baltimore Orioles,1,0,0.998624824402,1,6,6
305,2017-09-10,Boston Red Sox,Tampa Bay Rays,0,0,0.991528393214,1,5,5
298,2017-09-02,Boston Red Sox,New York Yankees,0,0,0.996634298635,1,6,6
292,2017-08-27,Boston Red Sox,Baltimore Orioles,0,0,0.996310021731,1,8,13
253,2017-07-15,Boston Red Sox,New York Yankees,0,0,0.999929710325,1,8,9
248,2017-07-06,Boston Red Sox,Tampa Bay Rays,0,0,0.988258617771,1,6,8
240,2017-06-28,Boston Red Sox,Minnesota Twins,0,0,0.996017849028,1,7,11
230,2017-06-17,Boston Red Sox,Houston Astros,0,0,0.980951472688,1,3,2
221,2017-06-08,Boston Red Sox,New York Yankees,0,0,0.999645345445,1,4,7
182,2017-04-26,Boston Red Sox,New York Yankees,0,0,0.997717096978,1,4,6
168,2017-04-10,Boston Red Sox,Detroit Tigers,0,0,0.996801248220,1,4,6
166,2017-04-08,Boston Red Sox,Detroit Tigers,0,0,0.988264811564,1,6,7
162,2016-10-02,Boston Red Sox,Toronto Blue Jays,0,0,0.992877409764,1,4,6
159,2016-09-29,Boston Red Sox,New York Yankees,0,0,0.995208369954,1,4,3
137,2016-09-05,Boston Red Sox,San Diego Padres,0,0,0.999033755278,1,7,6
127,2016-08-25,Boston Red Sox,Tampa Bay Rays,0,0,0.981226521747,1,7,5
106,2016-08-03,Boston Red Sox,Seattle Mariners,0,0,0.997546905538,1,7,7
100,2016-07-28,Boston Red Sox,Los Angeles Angels,0,0,0.944384936778,1,8,5
94,2016-07-22,Boston Red Sox,Minnesota Twins,0,0,0.988731408477,1,4,4
90,2016-07-17,Boston Red Sox,New York Yankees,0,0,0.993113662568,1,3,4
70,2016-06-21,Boston Red Sox,Chicago White Sox,0,0,0.998140670655,1,6,8
69,2016-06-20,Boston Red Sox,Chicago White Sox,0,0,0.999306063536,1,5,9
65,2016-06-16,Boston Red Sox,Baltimore Orioles,0,0,0.983941708102,1,4,4
59,2016-06-08,Boston Red Sox,San Francisco Giants,0,0,0.996968033470,1,5,7
26,2016-05-03,Boston Red Sox,Chicago White Sox,0,0,0.981625067200,1,4,2
19,2016-04-25,Boston Red Sox,Atlanta Braves,1,0,0.997159737522,1,6,8
830,2021-08-17,Boston Red Sox,New York Yankees,0,0,0.996813839881,0,5,9
820,2021-08-07,Boston Red Sox,Toronto Blue Jays,0,0,0.995417591064,0,2,3
783,2021-06-24,Boston Red Sox,Tampa Bay Rays,0,0,0.999120868362,0,4,7
751,2021-05-18,Boston Red Sox,Toronto Blue Jays,0,0,0.999779216040,0,5,8
709,2021-04-02,Boston Red Sox,Baltimore Orioles,0,0,0.998594772125,0,2,4
701,2020-09-19,Boston Red Sox,New York Yankees,0,0,0.999098077565,0,5,5
632,2019-09-11,Boston Red Sox,Toronto Blue Jays,0,0,0.999146255758,0,2,4
630,2019-09-09,Boston Red Sox,New York Yankees,0,0,0.999729968103,0,7,10
586,2019-07-21,Boston Red Sox,Baltimore Orioles,0,0,0.999445920951,0,1,4
504,2019-04-16,Boston Red Sox,New York Yankees,0,0,0.999603240145,0,3,5
492,2019-04-02,Boston Red Sox,Oakland Athletics,0,0,0.997621263168,0,7,7
491,2019-04-01,Boston Red Sox,Oakland Athletics,0,0,0.999339826946,0,4,4
472,2018-09-14,Boston Red Sox,New York Mets,0,0,0.997874784685,0,4,6
462,2018-09-02,Boston Red Sox,Chicago White Sox,0,0,0.999714073521,0,5,8
449,2018-08-19,Boston Red Sox,Tampa Bay Rays,0,0,0.999176168316,0,2,3
424,2018-07-21,Boston Red Sox,Detroit Tigers,0,0,0.999431269783,0,8,10
396,2018-06-16,Boston Red Sox,Seattle Mariners,0,0,0.999499101482,0,2,1
388,2018-06-08,Boston Red Sox,Chicago White Sox,0,0,0.999206362758,0,3,4
344,2018-04-21,Boston Red Sox,Oakland Athletics,0,0,0.999415431420,0,0,3
291,2017-08-26,Boston Red Sox,Baltimore Orioles,0,0,0.998146078789,0,4,7
263,2017-07-24,Boston Red Sox,Seattle Mariners,0,0,0.999749331997,0,4,4
254,2017-07-16,Boston Red Sox,New York Yankees,0,0,0.998402690961,0,4,10
250,2017-07-08,Boston Red Sox,Tampa Bay Rays,0,0,0.997262188804,0,3,7
228,2017-06-15,Boston Red Sox,Philadelphia Phillies,0,0,0.999722876509,0,5,7
220,2017-06-07,Boston Red Sox,New York Yankees,0,0,0.993601792333,0,5,4
211,2017-05-28,Boston Red Sox,Seattle Mariners,0,0,0.995091364890,0,5,5
183,2017-04-27,Boston Red Sox,New York Yankees,0,0,0.991940574051,0,3,2
179,2017-04-21,Boston Red Sox,Baltimore Orioles,0,0,0.996165460804,0,6,6
177,2017-04-19,Boston Red Sox,Toronto Blue Jays,0,0,0.999544594942,0,6,7
145,2016-09-14,Boston Red Sox,Baltimore Orioles,0,0,0.998869233962,0,4,5
136,2016-09-04,Boston Red Sox,Oakland Athletics,0,0,0.999648613161,0,6,9
109,2016-08-06,Boston Red Sox,Los Angeles Dodgers,0,0,0.999749595893,0,5,7
78,2016-06-29,Boston Red Sox,Tampa Bay Rays,0,0,0.999503203648,0,5,7
13,2016-04-19,Boston Red Sox,Tampa Bay Rays,0,0,0.999846129245,0,1,2
5,2016-04-10,Boston Red Sox,Toronto Blue Jays,0,0,0.999505921202,0,7,7
